pkg_name,pkg_download_successful,pkg_download_time,pkg_download_targz_size
gcite,TRUE,1.90629291534424,11351
EdSurvey,TRUE,3.75257992744446,1071927
fdq,TRUE,28.2044129371643,15436
RBesT,TRUE,27.7879078388214,722594
recipes,TRUE,25.9503629207611,523958
tensorflow,TRUE,1.84937596321106,24506
BART,TRUE,16.8693690299988,4060127
cleanNLP,TRUE,17.5451521873474,1984466
lvnet,TRUE,14.3434400558472,33014
pinbasic,TRUE,28.7322750091553,72781
RcppMsgPack,TRUE,28.7240128517151,435971
SpaDES.core,TRUE,28.5582029819489,1127063
valr,TRUE,17.485034942627,684212
ggeffects,TRUE,15.669723033905,147025
wTO,TRUE,14.5957570075989,36420
ems,TRUE,20.2527000904083,310928
GENEAclassify,TRUE,32.2495560646057,1099449
jmv,TRUE,31.3785989284515,71553
reproducible,TRUE,12.2266180515289,45146
canvasXpress,TRUE,35.9677150249481,1207682
divest,TRUE,34.3693799972534,293081
FRegSigCom,TRUE,33.9138309955597,172531
hommel,TRUE,6.66794800758362,8793
pkggraph,TRUE,11.5987889766693,3078105
POUMM,TRUE,18.2708699703217,1140395
Rdimtools,TRUE,11.4210331439972,66123
wrapr,TRUE,14.8516271114349,51971
DescToolsAddIns,TRUE,9.02392482757568,45849
giphyr,TRUE,6.97789692878723,9313
GJRM,TRUE,5.13683485984802,688268
LNIRT,TRUE,4.07267999649048,17720
mnreadR,TRUE,4.16708493232727,15610
palm,TRUE,5.61517596244812,36984
personalized,TRUE,5.49240303039551,173913
configr,TRUE,5.66504693031311,6430
dimRed,TRUE,6.2877471446991,67261
helixvis,TRUE,6.38601994514465,51604
skpr,TRUE,6.8473219871521,422121
sys,TRUE,2.131098985672,8547
fastLink,TRUE,6.37324213981628,3044239
fingertipsR,TRUE,3.03765320777893,195941
FSelectorRcpp,TRUE,4.29840993881226,65633
reqres,TRUE,3.06547117233276,69631
STARTS,TRUE,2.81299686431885,5341
AMCTestmakeR,TRUE,2.69914579391479,22055
nandb,TRUE,3.17137980461121,544520
Rcrawler,TRUE,2.07866597175598,20406
reportReg,TRUE,1.70863699913025,1782
aphid,TRUE,2.38558387756348,210563
gastempt,TRUE,2.09610915184021,266916
antiword,TRUE,2.19586277008057,256240
arsenal,TRUE,4.45033288002014,2320014
dtangle,TRUE,1.5698070526123,252575
httptest,TRUE,1.18568205833435,14437
idefix,TRUE,2.05771517753601,33724
MALDIrppa,TRUE,4.85293698310852,1562273
quickPlot,TRUE,5.33499097824097,1188126
survHE,TRUE,4.34246897697449,503700
unrtf,TRUE,2.89988803863525,64014
walker,TRUE,6.63992810249329,241504
MADPop,TRUE,7.10610103607178,112186
memapp,TRUE,4.86679100990295,58628
breathteststan,TRUE,1.06048488616943,23222
elasticsearchr,TRUE,1.03665018081665,33067
exampletestr,TRUE,1.45198178291321,22702
gggenes,TRUE,2.16882681846619,759926
huxtable,TRUE,4.40563082695007,525332
worrms,TRUE,4.1213641166687,423093
mdmb,TRUE,1.35195183753967,76755
webmockr,TRUE,1.04334402084351,30391
WVPlots,TRUE,25.3727428913116,1762759
augSIMEX,TRUE,1.72441291809082,94919
autothresholdr,TRUE,23.6460211277008,187033
eulerr,TRUE,21.6054499149323,29013
jmvcore,TRUE,2.97231101989746,25848
semtree,TRUE,2.5779550075531,95934
sessioninfo,TRUE,3.75518894195557,39277
shinyWidgets,TRUE,9.52185797691345,212233
spant,TRUE,11.5328030586243,670919
KarsTS,TRUE,22.0524260997772,1611631
sigr,TRUE,7.74617886543274,24100
egg,TRUE,12.4522619247437,1415030
numform,TRUE,6.63043785095215,233815
owmr,TRUE,12.9333031177521,1233714
tidyRSS,TRUE,2.75401020050049,87504
dexter,TRUE,4.39190912246704,317632
redlistr,TRUE,5.56503701210022,353870
tesseract,TRUE,1.45611214637756,7517
VARtests,TRUE,1.99845504760742,32033
hutils,TRUE,1.37684798240662,9848
incidence,TRUE,13.0443561077118,1728329
automultinomial,TRUE,1.08107209205627,27297
flextable,TRUE,2.61427402496338,167580
gibble,TRUE,0.961300134658813,6255
mvord,TRUE,8.51799607276917,1805480
RATest,TRUE,3.76586890220642,270667
restriktor,TRUE,1.86397504806519,76877
shallot,TRUE,11.0719389915466,3253242
spatstat.utils,TRUE,1.16199994087219,55345
AMModels,TRUE,1.16464900970459,53985
cpt,TRUE,0.969566106796265,4079
filesstrings,TRUE,1.08730816841125,38059
GDINA,TRUE,1.52277803421021,180182
greta,TRUE,6.2596800327301,2112104
lemon,TRUE,2.75875210762024,428850
vennLasso,TRUE,2.37089204788208,392457
rsparkling,TRUE,0.967671871185303,12940
strip,TRUE,0.969434022903442,6094
atus,TRUE,15.0648398399353,6343672
ebimetagenomics,TRUE,0.978992938995361,4303
spectrolab,TRUE,7.36401009559631,2848928
sugrrants,TRUE,4.85489892959595,1057420
uavRmp,TRUE,7.65964198112488,1949976
vistime,TRUE,1.31122398376465,35407
ggspatial,TRUE,5.52579212188721,1138945
BayesS5,TRUE,0.968402862548828,13312
commonsMath,TRUE,4.97533798217773,1975460
drake,TRUE,1.56090211868286,160987
latexpdf,TRUE,1.38020801544189,97869
link2GI,TRUE,1.56357502937317,29123
electoral,TRUE,0.981952905654907,7779
JuliaCall,TRUE,0.966630220413208,9396
microdemic,TRUE,0.968412160873413,10512
MODIS,TRUE,2.02537703514099,621156
PhenotypeSimulator,TRUE,1.67455792427063,292624
reactR,TRUE,1.45649790763855,132252
rlang,TRUE,1.29062604904175,201419
rlas,TRUE,1.85656595230103,227770
sitree,TRUE,1.85832118988037,369320
solvebio,TRUE,1.11304497718811,6519
texPreview,TRUE,0.980610847473145,11217
CrossVA,TRUE,1.03366994857788,40643
d3r,TRUE,1.33871603012085,196413
dodgr,TRUE,4.06362915039062,1726846
mmpf,TRUE,1.06195592880249,15230
mvLSW,TRUE,1.04006099700928,31369
NetworkInference,TRUE,2.62541794776917,400437
rsMove,TRUE,2.2718288898468,271938
rWind,TRUE,1.18418192863464,5572
sf,TRUE,4.95270895957947,978875
taskscheduleR,TRUE,1.37588906288147,195238
trackdem,TRUE,2.94649219512939,35480
blogdown,TRUE,3.83368706703186,33641
DEploid,TRUE,2.42119407653809,238682
isdparser,TRUE,3.29041600227356,1273955
websearchr,TRUE,0.803872108459473,6035
xaringan,TRUE,1.05505394935608,19095
bikedata,TRUE,7.34475994110107,4046310
dLagM,TRUE,0.980983972549438,9471
dynamichazard,TRUE,3.08984017372131,1071320
FishResp,TRUE,8.08004307746887,3216954
meteoland,TRUE,5.68461298942566,1865503
osmdata,TRUE,4.29396390914917,1283078
bridgesampling,TRUE,1.89738607406616,393242
cdata,TRUE,2.5498731136322,1094445
RApiDatetime,TRUE,1.08253479003906,24057
lexicon,TRUE,3.18403601646423,1135650
ciTools,TRUE,1.21083211898804,22521
poliscidata,TRUE,4.67290902137756,2026099
webTRISr,TRUE,1.57288002967834,7506
wikitaxa,TRUE,1.23417901992798,21540
xtensor,TRUE,1.75672101974487,101562
antaresRead,TRUE,3.37749814987183,1325001
bsplinePsd,TRUE,0.970952987670898,13329
charlatan,TRUE,2.25194597244263,648884
evaluator,TRUE,4.17511916160583,2154602
hNMF,TRUE,1.155601978302,20986
PowerUpR,TRUE,1.40972709655762,48201
PWEALL,TRUE,1.1766459941864,32008
sdpt3r,TRUE,4.11592483520508,2038902
BimodalIndex,TRUE,1.63071203231812,150095
breathtestcore,TRUE,1.64098906517029,123887
clickR,TRUE,1.01686096191406,13160
dataPreparation,TRUE,3.22699403762817,1251032
fergm,TRUE,5.87857294082642,3496486
GenAlgo,TRUE,2.37117695808411,309477
pinyin,TRUE,1.6044659614563,312215
pivottabler,TRUE,3.87049102783203,1544255
bcROCsurface,TRUE,3.01013016700745,752173
bookdownplus,TRUE,4.15461492538452,1099466
grattan,TRUE,3.607990026474,590037
queuecomputer,TRUE,3.02586197853088,49600
cosinor2,TRUE,1.11233997344971,19347
crminer,TRUE,3.97105288505554,954061
define,TRUE,3.2321150302887,394805
dendroTools,TRUE,2.97078990936279,63887
dslabs,TRUE,1.44236302375793,5625
readJDX,TRUE,3.03069877624512,230698
stormwindmodel,TRUE,5.82688808441162,3098003
analytics,TRUE,0.976309061050415,6083
touch,TRUE,1.35550808906555,69119
GSED,TRUE,0.971344947814941,11041
hoardr,TRUE,2.08718514442444,288906
psychmeta,TRUE,3.14895009994507,312802
Rnightlights,TRUE,1.15190291404724,73671
treemapify,TRUE,3.21226191520691,1093892
bamlss,TRUE,3.51377701759338,1200471
mMPA,TRUE,1.56497192382812,52511
mrfDepth,TRUE,1.74734401702881,446434
antaresViz,TRUE,2.40376305580139,757139
BatchGetSymbols,TRUE,1.9444100856781,524773
FLightR,TRUE,4.08508205413818,1848018
GetLattesData,TRUE,5.35967588424683,2757153
GROAN,TRUE,2.00409603118896,416951
itunesr,TRUE,0.970510005950928,3722
partialCI,TRUE,2.50965905189514,563735
Rodam,TRUE,1.31603193283081,23088
stacomiR,TRUE,3.8480110168457,895816
tidyselect,TRUE,1.01318287849426,18670
airGR,TRUE,2.31829595565796,573066
emdi,TRUE,2.95735096931458,888218
NetworkChange,TRUE,1.05482387542725,32289
wooldridge,TRUE,4.86215782165527,2562868
EFAutilities,TRUE,1.03490877151489,41643
mindr,TRUE,2.00043106079102,453395
nucim,TRUE,1.01083993911743,11203
billboarder,TRUE,3.24646711349487,1294156
c212,TRUE,1.9537570476532,286930
easyreg,TRUE,1.01180100440979,20313
psda,TRUE,0.971701860427856,8694
sptemExp,TRUE,6.36724495887756,4008631
pollen,TRUE,1.31769704818726,67871
ratelimitr,TRUE,0.983604907989502,12015
rmapzen,TRUE,1.5762050151825,270418
wallace,TRUE,3.02594089508057,899437
bazar,TRUE,2.8395209312439,16339
googledrive,TRUE,3.63320922851562,1556235
pdSpecEst,TRUE,1.10883808135986,35652
spmoran,TRUE,2.39247488975525,537166
CMatching,TRUE,1.21061992645264,40634
comtradr,TRUE,0.965522050857544,14103
PWFSLSmoke,TRUE,3.35872006416321,1348793
uiucthemes,TRUE,1.02123808860779,22330
auk,TRUE,2.58100390434265,699578
Delta,TRUE,1.20705890655518,18502
partitionComparison,TRUE,1.16915702819824,97434
rjmcmc,TRUE,1.94196105003357,431568
soundgen,TRUE,10.5550909042358,1689569
spatstat.data,TRUE,7.34496402740479,2633518
TileManager,TRUE,7.86057090759277,518442
ClassDiscovery,TRUE,2.26233100891113,507170
dataMaid,TRUE,1.39984893798828,87629
mdsOpt,TRUE,0.965475082397461,10257
odr,TRUE,1.16449308395386,52477
PeakSegJoint,TRUE,4.97005105018616,724009
RcmdrPlugin.RiskDemo,TRUE,13.6796720027924,4964159
vein,TRUE,7.43145298957825,1256945
tensorBF,TRUE,1.30246901512146,19138
WeightedROC,TRUE,3.63822507858276,292458
carData,TRUE,3.14389896392822,302475
loon,TRUE,5.06977486610413,875747
metaplot,TRUE,1.41044306755066,32166
nanotime,TRUE,0.964102983474731,11238
nonmemica,TRUE,1.77330303192139,165477
clustermq,TRUE,1.17998290061951,34271
fDMA,TRUE,1.02153611183167,38966
LearnGeom,TRUE,1.22179412841797,68308
shadow,TRUE,2.50074291229248,874501
antaresProcessing,TRUE,1.29238700866699,41221
BETS,TRUE,2.02637410163879,228482
ecm,TRUE,0.960254907608032,7050
scalpel,TRUE,5.96789407730103,3520838
textreadr,TRUE,3.02233600616455,348782
ggridges,TRUE,6.91899800300598,1344388
boxcoxmix,TRUE,1.08686017990112,19040
seplyr,TRUE,1.5204291343689,11766
frequencyConnectedness,TRUE,1.45945906639099,161089
grf,TRUE,2.7642560005188,874040
parallelDist,TRUE,1.5848970413208,127188
revengc,TRUE,6.24045300483704,1587173
smapr,TRUE,1.75954604148865,263308
geex,TRUE,1.55566310882568,142974
geojsonR,TRUE,1.38389086723328,25134
jtools,TRUE,2.99762201309204,518681
sparsepp,TRUE,2.58480381965637,78288
uGMAR,TRUE,1.15019702911377,72644
HEMDAG,TRUE,1.74252605438232,335620
RInno,TRUE,3.45122599601746,959633
datasauRus,TRUE,2.56015992164612,6e+05
gravity,TRUE,2.27834010124207,284438
phuse,TRUE,1.05198311805725,29114
rcoreoa,TRUE,1.15890717506409,72923
ROptSpace,TRUE,0.978806972503662,5208
BayLum,TRUE,2.83057498931885,939315
CIAAWconsensus,TRUE,1.37015104293823,15201
dataCompareR,TRUE,2.15958404541016,309854
replyr,TRUE,1.47597908973694,135231
hetGP,TRUE,1.17243313789368,60682
later,TRUE,1.02239608764648,29359
ReIns,TRUE,1.9952278137207,507705
gdns,TRUE,0.973804950714111,10319
mbir,TRUE,2.18146014213562,675473
aiRthermo,TRUE,1.59188008308411,329322
graphon,TRUE,1.03787302970886,15860
hIRT,TRUE,1.16517090797424,86384
reprex,TRUE,1.02613687515259,22827
usmap,TRUE,3.95092415809631,1661349
BLPestimatoR,TRUE,1.3501341342926,25568
spData,TRUE,2.58508491516113,595950
LabourMarketAreas,TRUE,1.56677794456482,66402
mize,TRUE,3.47802495956421,318359
moveVis,TRUE,1.18617820739746,82692
sgmcmc,TRUE,7.32884907722473,4468383
document,TRUE,1.17926907539368,30584
EnvCpt,TRUE,0.989320993423462,10907
HDtest,TRUE,3.84255599975586,432514
knor,TRUE,1.92023801803589,116979
nse,TRUE,1.08439588546753,37300
SimPhe,TRUE,1.30764389038086,147887
bigstep,TRUE,1.07992887496948,15524
bomrang,TRUE,4.32639193534851,2139752
geosapi,TRUE,1.22051000595093,32003
getCRUCLdata,TRUE,1.12670397758484,18241
ggmosaic,TRUE,4.06835103034973,1253022
grec,TRUE,3.90947389602661,857823
merDeriv,TRUE,1.52908110618591,4523
odpc,TRUE,0.978131055831909,12133
sjlabelled,TRUE,1.30198097229004,123916
fastnet,TRUE,1.02452611923218,24466
IncDTW,TRUE,1.74997711181641,5621
mixKernel,TRUE,3.73890805244446,875367
PhylogeneticEM,TRUE,2.73394703865051,280241
prettycode,TRUE,1.78998494148254,175149
scorecard,TRUE,0.955311059951782,34510
zoocat,TRUE,2.52299380302429,852622
BIGL,TRUE,1.53177309036255,274425
datasets.load,TRUE,0.965909004211426,5532
ghibli,TRUE,1.38702392578125,92078
naniar,TRUE,5.76304793357849,1895830
penaltyLearning,TRUE,8.25021600723267,3374936
rly,TRUE,1.68456792831421,53076
udpipe,TRUE,8.21357703208923,2529132
redR,TRUE,2.29005789756775,245763
reportROC,TRUE,0.882972955703735,5075
fitur,TRUE,0.97406792640686,9518
ggdmc,TRUE,1.61796879768372,144124
healthcareai,TRUE,3.27983498573303,1267370
fastR2,TRUE,3.04289889335632,810356
gamesGA,TRUE,1.102707862854,13225
iMediate,TRUE,0.945405960083008,4090
sinew,TRUE,0.978549957275391,7266
taxonomizr,TRUE,1.07700705528259,24997
bayesImageS,TRUE,4.68604493141174,2011456
intccr,TRUE,1.07604813575745,16617
lero.lero,TRUE,0.969082832336426,1071
OOBCurve,TRUE,1.12479782104492,3582
PeerPerformance,TRUE,1.47440385818481,130655
RiskPortfolios,TRUE,1.48847317695618,63843
covatest,TRUE,1.2341570854187,121510
fdANOVA,TRUE,1.97896504402161,501355
cytometree,TRUE,1.1452271938324,51900
SSLASSO,TRUE,0.965727090835571,7928
eDMA,TRUE,2.32316207885742,763408
MCMCvis,TRUE,5.0185010433197,1844189
tidycensus,TRUE,1.11363506317139,33910
vpc,TRUE,3.62636280059814,1077381
bgsmtr,TRUE,2.10518193244934,184185
mclustcomp,TRUE,1.22056293487549,10119
supc,TRUE,5.70020008087158,991167
startup,TRUE,1.0641348361969,12296
symDMatrix,TRUE,1.21505904197693,35363
TeXCheckR,TRUE,8.39392185211182,2677378
tfruns,TRUE,2.00800895690918,124872
adiv,TRUE,1.92366600036621,107083
BGData,TRUE,1.89571905136108,96686
gsynth,TRUE,1.95530605316162,90379
keras,TRUE,6.90497994422913,1516474
perccalc,TRUE,1.35230898857117,52532
quickmatch,TRUE,1.16149616241455,49342
rtrim,TRUE,3.25642395019531,264947
scclust,TRUE,1.46575498580933,107995
stepPenal,TRUE,0.961145877838135,11893
CINNA,TRUE,2.85014295578003,268578
manet,TRUE,0.974560022354126,7880
micemd,TRUE,1.80506896972656,246133
sarima,TRUE,1.6982741355896,183178
BayesNetBP,TRUE,1.40462207794189,66139
BioInstaller,TRUE,1.04248785972595,20612
collapsibleTree,TRUE,4.87591886520386,735789
Eagle,TRUE,5.8479630947113,905051
geometa,TRUE,1.28275489807129,92097
GMSE,TRUE,1.15964007377625,74198
lidR,TRUE,2.84888792037964,762186
lmridge,TRUE,1.36680293083191,25290
rstantools,TRUE,1.09349608421326,38316
rvinecopulib,TRUE,2.59190702438354,333748
SSBtools,TRUE,1.02634477615356,17661
TLMoments,TRUE,1.25900506973267,61969
quickblock,TRUE,1.04987096786499,32467
rsolr,TRUE,2.84060907363892,420688
lagged,TRUE,0.962727069854736,8300
RLT,TRUE,1.16619205474854,49006
shinyFeedback,TRUE,1.04131388664246,24336
censusapi,TRUE,4.6421320438385,1078724
dwapi,TRUE,1.02219796180725,36028
hrbrthemes,TRUE,5.80408692359924,956902
IPEC,TRUE,1.05094981193542,34812
mockery,TRUE,1.10394501686096,20628
sweep,TRUE,4.49480700492859,699686
timetk,TRUE,4.10743188858032,627016
narray,TRUE,1.75565791130066,144269
AbSim,TRUE,1.50477600097656,112635
bigstatsr,TRUE,3.36718702316284,652778
DMMF,TRUE,1.62924003601074,147413
GPrank,TRUE,2.90842604637146,533474
haploR,TRUE,2.23474311828613,236654
optrdd,TRUE,0.971586942672729,10128
textutils,TRUE,1.51891088485718,128678
batchtools,TRUE,5.23582601547241,1233422
castor,TRUE,1.47262811660767,122320
datastructures,TRUE,4.09449100494385,840952
mapedit,TRUE,1.08489298820496,19739
openEBGM,TRUE,2.35731315612793,234446
processx,TRUE,1.14735698699951,52559
BMisc,TRUE,0.969967842102051,8319
cholera,TRUE,9.15687203407288,3797243
civis,TRUE,3.63890814781189,704095
distances,TRUE,1.31841492652893,84431
vetr,TRUE,3.41222810745239,623095
LMfilteR,TRUE,0.986459970474243,3994
powerlmm,TRUE,3.76610589027405,639876
ProliferativeIndex,TRUE,5.13401794433594,1239377
snakecase,TRUE,1.24266695976257,91601
EL2Surv,TRUE,1.10619401931763,14827
kirby21.base,TRUE,0.973649978637695,7835
kirby21.fmri,TRUE,0.967571020126343,2372
kirby21.t1,TRUE,0.961047172546387,2354
sequoia,TRUE,1.83752107620239,405568
subprocess,TRUE,1.0209379196167,37489
genBaRcode,TRUE,1.48036313056946,223929
libstableR,TRUE,1.21843099594116,51596
MCMCprecision,TRUE,1.04939699172974,17583
jcolors,TRUE,3.79715800285339,1388476
IDmining,TRUE,0.974323987960815,10241
PRISMAstatement,TRUE,3.90119695663452,1102949
taxa,TRUE,4.46309113502502,1933353
gridsample,TRUE,1.17836403846741,15161
nsROC,TRUE,1.12791609764099,33807
roadoi,TRUE,1.4869499206543,241066
tmaptools,TRUE,1.23065400123596,75247
coda.base,TRUE,0.978463888168335,7766
crochet,TRUE,0.973464965820312,11268
DSAIDE,TRUE,8.51784682273865,4227643
gasfluxes,TRUE,1.17045402526855,72943
MatrixLDA,TRUE,0.966650009155273,12134
reticulate,TRUE,1.26170206069946,90736
rPraat,TRUE,1.67388105392456,155649
simmer.plot,TRUE,5.65517497062683,1206070
ggformula,TRUE,7.1922299861908,2107206
icesTAF,TRUE,1.62218189239502,14615
pre,TRUE,2.04241299629211,21447
TOSTER,TRUE,1.23210382461548,47700
bayesplot,TRUE,7.29002285003662,3378773
LncFinder,TRUE,9.86897611618042,2277686
colourvision,TRUE,1.40073990821838,30608
hyper2,TRUE,1.82478308677673,190229
flifo,TRUE,1.30950808525085,10658
gcKrig,TRUE,1.35937595367432,49446
geomerge,TRUE,3.81785011291504,1550519
janitor,TRUE,1.57332110404968,46100
statip,TRUE,0.977934837341309,15933
dotCall64,TRUE,1.0505850315094,16406
reghelper,TRUE,1.15836811065674,44627
sylly,TRUE,1.41053891181946,172960
makedummies,TRUE,0.968524932861328,2601
woeBinning,TRUE,1.14605712890625,33598
CBCgrps,TRUE,1.0744788646698,36922
CSeqpat,TRUE,0.962460041046143,2000
aws.ec2metadata,TRUE,0.975735902786255,3732
errors,TRUE,0.967583179473877,9379
GPoM,TRUE,9.64835500717163,3601984
projmanr,TRUE,1.05716705322266,15373
regplot,TRUE,1.34813404083252,18986
dbplyr,TRUE,5.79242897033691,241093
netCoin,TRUE,7.74516296386719,226898
oddsratio,TRUE,0.964099168777466,10060
shinyjqui,TRUE,1.86818814277649,564600
simglm,TRUE,1.34382104873657,137615
textTinyR,TRUE,5.2117600440979,609861
anMC,TRUE,1.69204807281494,24833
safer,TRUE,0.970252990722656,6967
mapsapi,TRUE,1.68801617622375,289031
nmaINLA,TRUE,2.17975091934204,397645
officer,TRUE,1.69281911849976,134828
textclean,TRUE,1.67249202728271,119256
WordR,TRUE,2.63312005996704,316455
ggiraphExtra,TRUE,1.72569513320923,319110
MSbox,TRUE,1.03015780448914,27883
survutils,TRUE,1.20821309089661,99409
BAMBI,TRUE,1.50182318687439,106599
ggpval,TRUE,1.67712903022766,140907
wdman,TRUE,1.07446098327637,26109
BALCONY,TRUE,2.23765802383423,221562
ggstance,TRUE,1.53778100013733,100254
lumberjack,TRUE,1.01419496536255,23747
Seurat,TRUE,5.3914520740509,813570
spind,TRUE,1.6550190448761,123483
spm,TRUE,4.85141611099243,2400598
vagalumeR,TRUE,1.02734899520874,3441
blastula,TRUE,11.6342890262604,4088064
ncar,TRUE,1.47354698181152,173833
NonCompart,TRUE,1.54412794113159,148517
rwalkr,TRUE,1.06878709793091,42491
binman,TRUE,1.29937720298767,46795
CNLTreg,TRUE,1.68180298805237,18237
CNLTtsa,TRUE,2.9561619758606,78688
future.batchtools,TRUE,1.83192181587219,41120
qqplotr,TRUE,1.59222197532654,57829
rmpw,TRUE,1.22031402587891,26937
SmoothWin,TRUE,1.02758693695068,6325
CATkit,TRUE,1.9637930393219,399294
CodeDepends,TRUE,2.21671295166016,507846
dgo,TRUE,2.91131019592285,1034475
easyDes,TRUE,0.989528894424438,4126
glue,TRUE,0.892750024795532,9100
pinp,TRUE,1.11312007904053,17852
rmda,TRUE,5.25669407844543,2004438
RTransProb,TRUE,1.18492007255554,59451
scatterpie,TRUE,1.93878102302551,316445
BayesianTools,TRUE,7.74060797691345,617433
beyondWhittle,TRUE,1.66820502281189,31323
DendroSync,TRUE,1.03448700904846,32114
GCalignR,TRUE,3.35938906669617,1475634
keyring,TRUE,1.11507797241211,33697
ordinalForest,TRUE,1.13123989105225,29018
spacyr,TRUE,1.08727192878723,33183
WRTDStidal,TRUE,2.35654592514038,616163
benchr,TRUE,1.15947198867798,20535
GreedyExperimentalDesign,TRUE,1.69967079162598,255121
MODIStsp,TRUE,8.39930701255798,1355562
Rlinsolve,TRUE,1.01700615882874,24100
SpaDES.tools,TRUE,1.44165205955505,187691
FRK,TRUE,7.70082807540894,4078858
htree,TRUE,1.3460910320282,83021
incadata,TRUE,3.93596696853638,135010
Rlda,TRUE,1.2948579788208,54564
gemlog,TRUE,1.04682302474976,25535
MAGNAMWAR,TRUE,2.69736003875732,1058541
qGaussian,TRUE,0.975749015808105,4408
spass,TRUE,1.18239808082581,39294
desctable,TRUE,1.59744811058044,252284
polyPK,TRUE,1.15796399116516,92944
bayesDP,TRUE,1.05868697166443,22172
cetcolor,TRUE,1.83184885978699,463077
crul,TRUE,0.996407985687256,17205
MetaSubtract,TRUE,1.39921998977661,142326
pdfsearch,TRUE,2.16657900810242,619486
qicharts2,TRUE,2.29419803619385,626084
rhoR,TRUE,1.16890978813171,28058
spelling,TRUE,0.985615015029907,7473
phylopath,TRUE,1.48641610145569,188107
ggforce,TRUE,4.35519289970398,1489541
ggraph,TRUE,6.29938101768494,2628485
AcousticNDLCodeR,TRUE,2.90498614311218,364689
CytobankAPI,TRUE,5.17464590072632,2509492
docxtools,TRUE,1.11613488197327,6002
ggfittext,TRUE,2.17163610458374,402330
bmixture,TRUE,1.16033983230591,12078
permDep,TRUE,1.4862380027771,15138
satscanMapper,TRUE,8.04113388061523,1333657
GADMTools,TRUE,1.10201597213745,14852
kernelboot,TRUE,1.07464504241943,21521
visdat,TRUE,4.02052998542786,1736995
DatabionicSwarm,TRUE,1.23419499397278,63398
GeneralizedUmatrix,TRUE,1.46927189826965,32269
ggedit,TRUE,1.17808699607849,74801
glmmTMB,TRUE,2.54084396362305,943857
processmapR,TRUE,0.9758620262146,7981
spup,TRUE,6.14369082450867,1574479
disco,TRUE,3.01241493225098,1206662
drtmle,TRUE,1.43686199188232,94158
neatmaps,TRUE,1.03023290634155,16687
simule,TRUE,1.65963101387024,310836
bupaR,TRUE,0.978041887283325,10170
GenomicMating,TRUE,0.90893816947937,9795
ImputeRobust,TRUE,1.09890508651733,21587
biolink,TRUE,1.22703814506531,10139
crplyr,TRUE,0.956393957138062,10825
expint,TRUE,2.57191491127014,196518
learnr,TRUE,3.531977891922,290682
mfe,TRUE,1.90344500541687,45901
multicmp,TRUE,0.973361015319824,6137
pool,TRUE,1.0212619304657,26935
SCORPIUS,TRUE,9.87649011611938,3103352
support.BWS2,TRUE,1.03768110275269,15426
taxlist,TRUE,8.95092797279358,1555488
vegtable,TRUE,7.36618590354919,1115155
cld3,TRUE,3.68664884567261,652598
dynOmics,TRUE,1.05782294273376,40178
prioritizr,TRUE,3.47189784049988,831098
raptr,TRUE,19.2583429813385,3981302
ropercenter,TRUE,7.52969098091125,1235934
SimMultiCorrData,TRUE,4.96022701263428,1000615
colordistance,TRUE,8.42719292640686,1525456
CytobankAPIstats,TRUE,3.5326099395752,11141
dng,TRUE,1.39935922622681,6120
GBJ,TRUE,1.21816396713257,47382
ClusterBootstrap,TRUE,0.972702026367188,7709
fetchR,TRUE,6.18961191177368,1353500
jpmesh,TRUE,11.9515459537506,4128527
padr,TRUE,9.46882200241089,2851531
treeDA,TRUE,4.2162811756134,676796
unpivotr,TRUE,4.51349997520447,1011734
catcont,TRUE,1.10062193870544,4677
cellWise,TRUE,2.49406099319458,521689
multinet,TRUE,1.46171092987061,86060
phylogram,TRUE,1.39495897293091,105100
coreCT,TRUE,1.85234904289246,351554
mosaicCore,TRUE,0.99901294708252,16113
patternplot,TRUE,1.65800404548645,323586
RIA,TRUE,1.08357906341553,42871
splot,TRUE,1.05216097831726,23859
hexSticker,TRUE,2.43997406959534,674122
KnowBR,TRUE,4.59374594688416,2100972
subscreen,TRUE,1.07575106620789,9734
BUCSS,TRUE,1.06190800666809,15137
fastDummies,TRUE,2.34547805786133,492601
googleLanguageR,TRUE,1.7765371799469,236381
LEGIT,TRUE,1.05513286590576,32696
mlrMBO,TRUE,7.765949010849,4063131
tidyxl,TRUE,1.81537199020386,338301
momentuHMM,TRUE,6.25834608078003,2777361
womblR,TRUE,2.47042918205261,433027
chinese.misc,TRUE,1.40566992759705,32352
cstab,TRUE,1.35128092765808,21170
ggimage,TRUE,1.40841794013977,218272
prodest,TRUE,1.72107219696045,470854
rdiversity,TRUE,1.0457911491394,35417
spam64,TRUE,1.25938200950623,63986
uptasticsearch,TRUE,1.15585398674011,57315
ahnr,TRUE,1.6886260509491,376890
asciiSetupReader,TRUE,1.56821513175964,261389
bayeslm,TRUE,0.972920894622803,11809
CircularDDM,TRUE,1.72194480895996,340194
MetaComp,TRUE,2.10289192199707,621162
fuser,TRUE,1.34285998344421,82033
walrus,TRUE,1.01155185699463,14549
AdhereR,TRUE,4.0490779876709,2004666
bsamGP,TRUE,1.74706196784973,291510
loder,TRUE,1.43244314193726,90302
MultisiteMediation,TRUE,0.977364063262939,13938
prophet,TRUE,3.12297987937927,1049452
jpndistrict,TRUE,7.40654587745667,4547702
lingtypology,TRUE,2.51730179786682,463829
tuckerR.mmgg,TRUE,1.29451203346252,18533
ROpenDota,TRUE,1.04401993751526,4908
beginr,TRUE,1.0322949886322,11748
diceR,TRUE,2.75766205787659,732986
jwutil,TRUE,1.64221596717834,45513
leaflet.minicharts,TRUE,7.73140096664429,3243143
manipulateWidget,TRUE,6.34676218032837,2169226
ompr,TRUE,1.24621391296387,37379
ompr.roi,TRUE,1.3652651309967,4222
rclimateca,TRUE,3.25335478782654,262706
StatCharrms,TRUE,2.71355009078979,987560
teachingApps,TRUE,2.46265411376953,612961
odbc,TRUE,1.37338900566101,62456
bivrp,TRUE,1.01767086982727,14273
briskaR,TRUE,7.09536600112915,3320306
ConR,TRUE,7.20119404792786,3742410
fst,TRUE,1.96654105186462,172108
LAM,TRUE,1.60054588317871,51796
mixR,TRUE,1.65488195419312,42819
RegularizedSCA,TRUE,1.65798616409302,37804
textshape,TRUE,1.99511194229126,128391
tigreBrowserWriter,TRUE,1.49295783042908,8277
wikilake,TRUE,1.34439587593079,44387
SPAtest,TRUE,1.10930204391479,4367
alterryx,TRUE,1.9453501701355,22251
networktools,TRUE,3.47738003730774,641353
powerCompRisk,TRUE,2.62428402900696,3116
Tcomp,TRUE,3.54976606369019,353294
pkr,TRUE,2.603679895401,180978
qrcmNP,TRUE,2.88857102394104,30077
rwc,TRUE,2.63771796226501,8437
tangram,TRUE,3.80833292007446,801683
excerptr,TRUE,2.31259989738464,37693
LocalControl,TRUE,3.05558586120605,132717
shinymaterial,TRUE,2.99390006065369,101061
hmi,TRUE,3.45714688301086,182504
PSTR,TRUE,3.86452794075012,196365
sitreeE,TRUE,4.05091404914856,10103
welchADF,TRUE,3.21247792243958,30232
metaforest,TRUE,3.11631298065186,17640
redux,TRUE,3.19188690185547,77662
graphkernels,TRUE,2.24722504615784,41470
purrrlyr,TRUE,2.56427407264709,32189
ramcmc,TRUE,2.85351896286011,290945
RatingScaleReduction,TRUE,1.93223595619202,5661
RchivalTag,TRUE,2.34514904022217,345006
rdwd,TRUE,6.10324001312256,1648790
StructFDR,TRUE,1.7878839969635,7926
DClusterm,TRUE,10.6716849803925,2838962
joineRML,TRUE,10.3684239387512,2196648
qgam,TRUE,9.73927593231201,909783
RHMS,TRUE,1.43828821182251,26844
MetaLonDA,TRUE,1.06501412391663,16558
aws.s3,TRUE,1.29487419128418,42914
clampSeg,TRUE,1.55353689193726,113578
DisHet,TRUE,6.42821311950684,2895707
edgarWebR,TRUE,1.26025700569153,89202
PeakSegOptimal,TRUE,1.36739993095398,133072
BiDAG,TRUE,1.40782189369202,76303
DPP,TRUE,1.2780590057373,23793
lvec,TRUE,2.20506310462952,33125
neurohcp,TRUE,2.1920211315155,273974
bssm,TRUE,3.16278004646301,501793
frailtyEM,TRUE,3.06437802314758,461013
ukbtools,TRUE,13.330393075943,4510885
unsystation,TRUE,1.05400395393372,6697
ALA4R,TRUE,11.3435761928558,2932243
genotypeR,TRUE,5.14244699478149,516287
ICtest,TRUE,6.00044798851013,948853
margins,TRUE,5.38552618026733,1782537
microPop,TRUE,2.47341394424438,389273
philentropy,TRUE,1.50645303726196,55001
prediction,TRUE,1.21579504013062,6030
quadprogXT,TRUE,1.94834303855896,7095
regnet,TRUE,3.28274297714233,472116
templates,TRUE,1.97804594039917,9763
ziphsmm,TRUE,2.07690787315369,34546
AIG,TRUE,2.22140598297119,8668
easycsv,TRUE,1.90841484069824,4894
kableExtra,TRUE,5.53499102592468,1639838
tabularaster,TRUE,3.8425931930542,587698
MAVE,TRUE,3.18472599983215,329628
HURDAT,TRUE,8.76789307594299,1046030
kutils,TRUE,2.31936883926392,501159
StepSignalMargiLike,TRUE,1.75913786888123,290650
CrossValidate,TRUE,1.32530188560486,128556
GAparsimony,TRUE,1.01473212242126,26390
ggjoy,TRUE,2.27765703201294,538967
Modeler,TRUE,2.88346600532532,760177
randgeo,TRUE,1.88852691650391,378139
rdist,TRUE,0.828471183776855,7801
rsurface,TRUE,0.980000972747803,6513
SIBERG,TRUE,1.41685700416565,192539
simsurv,TRUE,1.13770198822021,46866
Umpire,TRUE,1.42374610900879,258268
ClassComparison,TRUE,1.62223505973816,324529
datadogr,TRUE,0.957222938537598,7585
diffusr,TRUE,1.88275694847107,257749
implyr,TRUE,1.28776288032532,18639
oompaBase,TRUE,3.35703206062317,169025
Polychrome,TRUE,1.8482141494751,273288
PreProcess,TRUE,1.85558414459229,193603
TailRank,TRUE,3.11058616638184,284746
tukeytrend,TRUE,6.60676980018616,680422
ChoR,TRUE,16.0618741512299,3775191
datasus,TRUE,3.76294589042664,374488
rust,TRUE,1.92266511917114,101605
HTSSIP,TRUE,17.0550608634949,3141645
missRanger,TRUE,0.904906988143921,5596
PBNPA,TRUE,3.61683583259583,87007
vortexR,TRUE,4.76419591903687,690180
base64url,TRUE,0.969636917114258,10034
ffstream,TRUE,3.68628096580505,968753
MTA,TRUE,12.868889093399,3257570
rbi,TRUE,2.90641212463379,37726
treespace,TRUE,10.8455760478973,4067072
mltools,TRUE,2.24261593818665,25389
ASIP,TRUE,1.12505006790161,36586
cld2,TRUE,11.5731921195984,3670896
dartR,TRUE,8.78073406219482,2636943
Knoema,TRUE,2.05635809898376,10827
MEclustnet,TRUE,2.32079291343689,35594
openSTARS,TRUE,2.84673404693604,833181
Select,TRUE,1.20773911476135,3880
shiny.semantic,TRUE,3.76484107971191,1483858
blandr,TRUE,1.52476811408997,213197
MVisAGe,TRUE,3.94400095939636,1311139
readtext,TRUE,5.73093199729919,2195576
ROI.plugin.alabama,TRUE,1.16416597366333,5300
writexl,TRUE,2.09350109100342,186621
BIEN,TRUE,1.21145606040955,37296
tidyquant,TRUE,1.43442606925964,153591
coga,TRUE,1.17241287231445,72695
DescriptiveStats.OBeu,TRUE,1.20012998580933,91845
gdpc,TRUE,1.38449501991272,165853
LeArEst,TRUE,1.5145468711853,216983
preference,TRUE,1.84089016914368,404693
CondIndTests,TRUE,0.984832048416138,19003
dlib,TRUE,5.73697090148926,3031710
gWQS,TRUE,1.53785395622253,187150
lmvar,TRUE,1.68764996528625,216178
nardl,TRUE,1.1387631893158,8292
sensors4plumes,TRUE,3.30468916893005,664188
imagine,TRUE,4.4296760559082,1716486
optional,TRUE,1.19471597671509,9209
FactoInvestigate,TRUE,1.27146887779236,81302
pbdRPC,TRUE,2.49881505966187,743521
rpms,TRUE,1.85319709777832,285299
DAC,TRUE,1.10858392715454,6215
olsrr,TRUE,2.31730103492737,486522
ProjectionBasedClustering,TRUE,1.40929508209229,61545
SurvDisc,TRUE,5.62168002128601,2804495
glm.predict,TRUE,0.990483045578003,12808
jsonld,TRUE,1.32031679153442,53089
weco,TRUE,2.02810406684875,276305
AR,TRUE,1.20658683776855,12576
mrbsizeR,TRUE,3.81429290771484,1393313
PLMIX,TRUE,1.40170693397522,169735
PLmixed,TRUE,3.61896300315857,1049491
pointblank,TRUE,3.89408016204834,1264072
RAC,TRUE,1.35109806060791,126296
brt,TRUE,0.96635890007019,3871
estprod,TRUE,1.15931797027588,96495
IMIFA,TRUE,3.50666284561157,1380004
Jdmbs,TRUE,1.7298150062561,197780
nprobust,TRUE,1.16143703460693,15832
sbart,TRUE,2.23800420761108,628726
BBMV,TRUE,1.18419885635376,31354
convexjlr,TRUE,1.32961201667786,158846
predtoolsTS,TRUE,1.04418587684631,18197
sqlscore,TRUE,1.03104090690613,15959
mathpix,TRUE,1.57319688796997,221574
mrgsolve,TRUE,2.54915022850037,364737
vdiffr,TRUE,1.30395579338074,68012
FHDI,TRUE,1.26522612571716,71043
SpatialFloor,TRUE,0.842581987380981,7538
edpclient,TRUE,1.01779508590698,19252
enviGCMS,TRUE,1.68033695220947,19497
lavaanPlot,TRUE,3.48706483840942,1102383
MiRKAT,TRUE,1.85864400863647,253516
MittagLeffleR,TRUE,1.48319911956787,175722
nowcasting,TRUE,1.28337907791138,28126
survivALL,TRUE,3.1715099811554,1121556
worms,TRUE,1.08274984359741,22353
EpiCurve,TRUE,0.927466154098511,3146
MARX,TRUE,1.11796116828918,38550
VarReg,TRUE,2.66618609428406,764954
APML0,TRUE,1.10434913635254,20710
komadown,TRUE,1.34451818466187,83676
leaflet.esri,TRUE,1.3302321434021,102493
rpql,TRUE,1.02801489830017,30029
leaflet.extras,TRUE,5.17404794692993,1902500
s2,TRUE,3.88840579986572,262897
interflex,TRUE,1.95738506317139,48870
utilsIPEA,TRUE,17.5883688926697,4748737
wiqid,TRUE,3.57527899742126,203280
ClusVis,TRUE,1.18612003326416,11394
denseFLMM,TRUE,0.970734119415283,12789
mschart,TRUE,1.97030115127563,313999
esmprep,TRUE,2.7124559879303,150319
HiCblock,TRUE,6.15690803527832,2562350
HiCglmi,TRUE,13.2024989128113,2580653
stampr,TRUE,8.79931902885437,682257
bioOED,TRUE,1.28749203681946,49669
genderBR,TRUE,0.987848997116089,8006
uncmbb,TRUE,1.12400817871094,33703
brglm2,TRUE,1.98359799385071,320713
classiFunc,TRUE,1.76640892028809,98427
corehunter,TRUE,9.5908100605011,1086242
meltt,TRUE,1.029865026474,31837
sglg,TRUE,1.92075705528259,44503
foghorn,TRUE,1.0376250743866,18178
yesno,TRUE,0.972385168075562,3018
fpp2,TRUE,2.58883690834045,266378
gldrm,TRUE,1.0188090801239,22430
MultiVarSel,TRUE,3.66161608695984,486354
survtmle,TRUE,3.2255699634552,420493
tsensembler,TRUE,1.23850917816162,63528
bioimagetools,TRUE,2.5558910369873,363231
di,TRUE,2.48175382614136,233518
snpReady,TRUE,3.10817885398865,340408
nmw,TRUE,1.96062183380127,125086
swmmr,TRUE,1.16828489303589,10644
AnnotationBustR,TRUE,5.48403906822205,926348
esvis,TRUE,4.48701286315918,742417
SentimentAnalysis,TRUE,1.86162400245667,123700
spc4sts,TRUE,1.03955006599426,12680
textstem,TRUE,1.45431208610535,78804
ggconf,TRUE,3.20233201980591,415582
liureg,TRUE,1.08262205123901,17585
ReinforcementLearning,TRUE,5.15618300437927,915057
tint,TRUE,4.33583402633667,704124
alfred,TRUE,2.38211488723755,163428
eply,TRUE,0.972678899765015,12676
RWildbook,TRUE,3.61344289779663,620123
bsplus,TRUE,1.04572987556458,29755
kernplus,TRUE,1.07907199859619,39554
bigKRLS,TRUE,1.52160310745239,95870
data.world,TRUE,1.03849601745605,18845
factorMerger,TRUE,10.0095961093903,3067593
fbar,TRUE,2.33329892158508,241844
ForestTools,TRUE,7.99962782859802,2170722
APfun,TRUE,0.967499971389771,3756
epidata,TRUE,1.04452610015869,11339
toxplot,TRUE,6.26366496086121,1136804
UncertainInterval,TRUE,1.39633011817932,19277
sparseFLMM,TRUE,1.6462299823761,256347
cvequality,TRUE,1.17754101753235,57303
errorlocate,TRUE,1.05883812904358,22741
mstR,TRUE,1.1568329334259,51928
normalr,TRUE,0.976097106933594,3528
bindrcpp,TRUE,0.976240158081055,7927
geofacet,TRUE,1.1417407989502,50612
phantom,TRUE,5.69138312339783,1656356
SeqKat,TRUE,4.20037603378296,836307
encode,TRUE,0.971973896026611,4860
productivity,TRUE,1.44650983810425,64345
SubTite,TRUE,1.3216700553894,13788
bairt,TRUE,2.28784799575806,398094
dfped,TRUE,1.00760698318481,30186
ssc,TRUE,1.54670691490173,157811
quotedargs,TRUE,0.96588397026062,11697
blob,TRUE,0.969334840774536,3841
interp,TRUE,1.14344310760498,54396
orthoDr,TRUE,1.22098994255066,94667
windfarmGA,TRUE,1.39622902870178,143458
DMRnet,TRUE,1.17255711555481,51783
sfdct,TRUE,5.59567213058472,2256705
DPWeibull,TRUE,1.18099808692932,46935
GPGame,TRUE,1.05378007888794,37612
SetTest,TRUE,0.87306809425354,11139
AdapSamp,TRUE,1.16150188446045,7117
horserule,TRUE,1.04088091850281,25926
incR,TRUE,1.22083902359009,56087
RNRCS,TRUE,0.97392201423645,8731
descriptr,TRUE,1.97900104522705,296192
eventdataR,TRUE,5.11452293395996,1795439
rarhsmm,TRUE,1.52999997138977,106925
gamRR,TRUE,0.969405889511108,1773
metScanR,TRUE,2.29252791404724,378956
RNAsmc,TRUE,1.1090669631958,12936
g2f,TRUE,0.977974891662598,6065
QuantTools,TRUE,9.74592781066895,4794501
Rgb,TRUE,4.23517489433289,1030523
datetime,TRUE,1.57561111450195,9240
splithalf,TRUE,1.37818908691406,50414
survidm,TRUE,1.41745591163635,79699
wpp2017,TRUE,9.39651393890381,4715516
EthSEQ,TRUE,4.06088304519653,934135
metaviz,TRUE,3.50714206695557,828730
MonteCarlo,TRUE,1.37291097640991,50708
rdlocrand,TRUE,1.24710416793823,19773
adaptiveGPCA,TRUE,5.16192102432251,1719183
gfmR,TRUE,1.53274583816528,61044
patentsview,TRUE,1.27977919578552,55643
assignPOP,TRUE,2.0873122215271,508872
bindr,TRUE,0.971297025680542,5928
pacotest,TRUE,1.12865090370178,50273
xtractomatic,TRUE,3.10272908210754,1161309
aniDom,TRUE,0.981655836105347,9070
gfer,TRUE,1.09317517280579,5265
widyr,TRUE,1.70204901695251,203643
datetimeutils,TRUE,1.3635790348053,145889
Rcriticor,TRUE,3.24278998374939,1222803
rmonad,TRUE,1.02596092224121,41596
sim1000G,TRUE,1.66292214393616,162669
cronR,TRUE,1.52134609222412,182322
EpiILM,TRUE,1.06831812858582,18981
wgeesel,TRUE,1.01836490631104,31696
lime,TRUE,2.28453183174133,704951
anomalyDetection,TRUE,1.76214385032654,410663
ACMEeqtl,TRUE,1.20147585868835,41941
KraljicMatrix,TRUE,1.35093307495117,153074
origami,TRUE,1.04565596580505,31503
robets,TRUE,1.04747891426086,29567
slickR,TRUE,1.17921304702759,84694
adeba,TRUE,0.965680122375488,12188
hansard,TRUE,1.03889608383179,25500
RcmdrPlugin.aRnova,TRUE,7.71196794509888,3825412
tmcn,TRUE,2.08501291275024,310518
OpenML,TRUE,2.27103114128113,333097
rpostgisLT,TRUE,2.31215786933899,465017
ashr,TRUE,1.86891412734985,114482
DoE.MIParray,TRUE,1.74669098854065,37653
fauxpas,TRUE,1.91046500205994,15299
GetITRData,TRUE,2.91103291511536,609381
ldhmm,TRUE,2.33684682846069,359654
idmTPreg,TRUE,1.18359398841858,26872
projector,TRUE,1.70600819587708,274238
worldmet,TRUE,2.88100290298462,942410
zenplots,TRUE,4.45123505592346,1981505
fuzzywuzzyR,TRUE,1.25254893302917,15930
photobiologyLamps,TRUE,1.66227293014526,296564
rospca,TRUE,1.7723560333252,279733
nzpullover,TRUE,1.26594305038452,120131
Rcssplot,TRUE,1.29508805274963,172916
rpgm,TRUE,0.964607954025269,6955
stoRy,TRUE,3.4311101436615,1528156
bea.R,TRUE,1.17883491516113,20731
CPBayes,TRUE,1.35015296936035,44361
multfisher,TRUE,1.14338803291321,21706
BEACH,TRUE,1.5048348903656,112546
lassopv,TRUE,0.963788986206055,3004
suncalc,TRUE,0.971615076065063,14032
VeryLargeIntegers,TRUE,1.03530097007751,38082
CircMLE,TRUE,0.977663993835449,9343
sNPLS,TRUE,0.975003957748413,6981
confSAM,TRUE,1.55019998550415,297259
ratios,TRUE,1.01590013504028,41473
ggmuller,TRUE,1.36711096763611,200409
PakPC2017,TRUE,1.53385901451111,228141
Brundle,TRUE,1.43181395530701,204476
clust.bin.pair,TRUE,0.969141960144043,12345
ratesci,TRUE,1.158616065979,20455
EMMIXcskew,TRUE,1.05601191520691,41479
inferr,TRUE,1.27376198768616,67041
mopa,TRUE,2.46401214599609,679842
Rilostat,TRUE,1.074049949646,26478
revdbayes,TRUE,1.55068898200989,193375
swCRTdesign,TRUE,1.04240489006042,22534
tatoo,TRUE,1.61591696739197,209396
fivethirtyeight,TRUE,4.63122510910034,2723809
tidygraph,TRUE,1.19534492492676,68410
npcopTest,TRUE,0.972442150115967,5252
vote,TRUE,0.960498094558716,13256
adepro,TRUE,1.364825963974,20460
OutliersO3,TRUE,2.6765239238739,988000
PTXQC,TRUE,5.19560098648071,2902783
valuer,TRUE,1.40567517280579,107029
MBC,TRUE,2.36409997940063,496054
multiApply,TRUE,1.17349100112915,3747
quantoptr,TRUE,1.73734402656555,101511
survivalsvm,TRUE,1.17445588111877,40063
aVirtualTwins,TRUE,1.28864192962646,82433
gk,TRUE,0.981462955474854,7480
pcev,TRUE,5.5011990070343,445956
ICSOutlier,TRUE,2.48924899101257,586984
pipeGS,TRUE,1.38240480422974,14854
SpaDES.addins,TRUE,1.50305390357971,162966
cifti,TRUE,1.80188512802124,10819
gifti,TRUE,1.02698397636414,15386
modmarg,TRUE,1.20698595046997,68530
opticut,TRUE,1.4373140335083,57660
denoiSeq,TRUE,3.22877097129822,317623
nlsr,TRUE,3.70433306694031,383563
OOR,TRUE,0.974193811416626,11219
BeSS,TRUE,1.06016206741333,14983
ggQC,TRUE,2.0175039768219,136303
RBMRB,TRUE,0.958066940307617,12055
robustBLME,TRUE,1.13662505149841,29777
spatstat.local,TRUE,2.26304507255554,167722
tibbletime,TRUE,2.13593697547913,134851
atsd,TRUE,1.37140393257141,40212
ludic,TRUE,0.947786808013916,16191
phylotate,TRUE,0.984298944473267,10252
tRophicPosition,TRUE,7.54969596862793,1079404
waver,TRUE,0.971189022064209,10803
clustRcompaR,TRUE,0.959901094436646,9351
libsoc,TRUE,3.25595688819885,112122
zeallot,TRUE,1.86829090118408,34360
ANOVAreplication,TRUE,1.58209896087646,19868
bigtcr,TRUE,1.05970287322998,11127
kokudosuuchi,TRUE,1.57481598854065,8307
languagelayeR,TRUE,1.70436406135559,2666
censusr,TRUE,1.78283405303955,10062
diagis,TRUE,7.652174949646,1992088
finch,TRUE,2.37100005149841,257231
gradDescent,TRUE,1.58948802947998,43717
heims,TRUE,1.94569802284241,253631
datapasta,TRUE,1.92500400543213,238366
highlightHTML,TRUE,1.33479309082031,117501
TCIApathfinder,TRUE,1.14905619621277,14367
BibPlots,TRUE,0.969071865081787,4372
Xplortext,TRUE,1.83010077476501,213630
gLRTH,TRUE,0.92593789100647,2622
OmicsPLS,TRUE,1.84466814994812,401614
pals,TRUE,4.20320510864258,1293863
CreditRisk,TRUE,1.04981207847595,15608
LinkageMapView,TRUE,1.02890300750732,24387
nofrills,TRUE,0.969870090484619,8179
rMR,TRUE,2.031898021698,219602
tropAlgebra,TRUE,1.33047986030579,7039
dat,TRUE,1.02887892723083,32026
equSA,TRUE,1.5696120262146,266538
abjutils,TRUE,0.959886074066162,8070
lbreg,TRUE,1.02810001373291,36691
PSW,TRUE,1.01360297203064,37067
RNAseqNet,TRUE,1.64751291275024,274823
rrpack,TRUE,1.17333602905273,61910
canprot,TRUE,6.04330515861511,2893199
dtree,TRUE,0.974308013916016,13669
SMMA,TRUE,1.03420495986938,15921
mau,TRUE,1.03327679634094,17803
optimus,TRUE,1.17550611495972,62620
ROI.plugin.lpsolve,TRUE,0.98278284072876,7322
splashr,TRUE,3.90369391441345,1396326
easySdcTable,TRUE,1.13336300849915,36520
COMBAT,TRUE,0.967194080352783,4946
cordillera,TRUE,1.12847113609314,33993
photobiologyLEDs,TRUE,1.74871802330017,425626
Emcdf,TRUE,0.971580028533936,9908
preText,TRUE,1.84131717681885,328141
PRIMME,TRUE,1.4549708366394,186360
rSQM,TRUE,2.86733984947205,1121785
tsdf,TRUE,1.1633939743042,65105
brant,TRUE,0.979028940200806,3300
IATScore,TRUE,0.961658000946045,8010
influxdbr,TRUE,1.02163100242615,18734
MultiRNG,TRUE,1.16058611869812,8285
RandPro,TRUE,0.969453096389771,4559
rFSA,TRUE,0.972746849060059,12187
UnivRNG,TRUE,0.969624996185303,9662
elevatr,TRUE,4.00760912895203,1957467
Rbgs,TRUE,3.10162305831909,1015504
RGBM,TRUE,1.07204389572144,25392
univOutl,TRUE,1.17252707481384,10687
constants,TRUE,1.02667188644409,17895
csv,TRUE,0.972501039505005,2211
dynsbm,TRUE,1.04529213905334,41045
sgee,TRUE,1.02483510971069,36570
grove,TRUE,1.01184797286987,16797
fmbasics,TRUE,2.2208080291748,689446
MatManlyMix,TRUE,1.3180718421936,131624
fastrtext,TRUE,3.85371088981628,2000079
fmdates,TRUE,1.85437297821045,368829
ipft,TRUE,1.29077196121216,66840
SparseDC,TRUE,6.38079690933228,4580112
tidystringdist,TRUE,0.969894886016846,8956
Biolinv,TRUE,1.89752888679504,311114
miRNAss,TRUE,1.7824227809906,282180
naivebayes,TRUE,0.97511887550354,5870
sofa,TRUE,2.14665913581848,485195
bhm,TRUE,1.29156112670898,15114
rxylib,TRUE,1.1735680103302,65967
widgetframe,TRUE,1.0122389793396,15019
msde,TRUE,1.48647880554199,219009
mudfold,TRUE,1.21763491630554,16670
AmesHousing,TRUE,1.31085801124573,157950
PKPDmisc,TRUE,1.59420704841614,127837
stringformattr,TRUE,0.976730108261108,2312
SyncRNG,TRUE,0.992117881774902,10744
zonator,TRUE,9.74008798599243,1354063
cleanEHR,TRUE,5.25714302062988,1124696
gofastr,TRUE,3.49339294433594,263012
BisRNA,TRUE,1.13192892074585,18796
clustEff,TRUE,0.971954107284546,11732
GMAC,TRUE,1.67896509170532,278202
elo,TRUE,1.15492510795593,17590
libcoin,TRUE,1.02886509895325,32057
corpus,TRUE,1.40726804733276,180182
inum,TRUE,0.962821006774902,8241
refset,TRUE,1.01023507118225,22784
parsemsf,TRUE,1.17365097999573,62781
Inventorymodel,TRUE,1.05729103088379,15121
plotrr,TRUE,0.969904899597168,5311
mazeGen,TRUE,1.27195310592651,111801
mdw,TRUE,1.44072294235229,6481
networkGen,TRUE,1.33727502822876,33407
striprtf,TRUE,1.44367408752441,216607
xesreadR,TRUE,0.964165925979614,8118
EAinference,TRUE,1.39976096153259,133174
harrietr,TRUE,0.888864040374756,22043
NestedCategBayesImpute,TRUE,1.15292286872864,79367
adapr,TRUE,3.72690200805664,1312104
goftte,TRUE,1.64860010147095,148068
passport,TRUE,3.10137605667114,647419
SASmarkdown,TRUE,2.43262887001038,497913
MUS,TRUE,1.12478995323181,15235
Dforest,TRUE,1.48846387863159,227373
phase1RMD,TRUE,1.2650032043457,45955
simEd,TRUE,1.30991291999817,81908
cctools,TRUE,0.957175970077515,10674
unitizer,TRUE,2.61918497085571,744090
CorporaCoCo,TRUE,2.36910104751587,442647
IDCard,TRUE,1.13008308410645,1486
MHTdiscrete,TRUE,0.980317831039429,5737
powdist,TRUE,0.967070817947388,7980
futility,TRUE,1.37237787246704,153907
KMgene,TRUE,1.28577709197998,110438
LCF,TRUE,1.030846118927,39401
ManifoldOptim,TRUE,1.64373302459717,234705
epicontacts,TRUE,3.31321215629578,999053
ICRanks,TRUE,0.977792024612427,12447
RcppHMM,TRUE,1.16115117073059,31719
RcppTN,TRUE,2.00508213043213,224580
AWR.Athena,TRUE,1.38186407089233,3992
wicket,TRUE,0.880507946014404,21014
easyAHP,TRUE,0.962377071380615,2943
xslt,TRUE,0.952169179916382,6527
gamreg,TRUE,0.980578899383545,5834
revgeo,TRUE,0.977890014648438,3133
spiderbar,TRUE,1.04339599609375,32374
sppmix,TRUE,3.98410201072693,1394678
modest,TRUE,1.95609402656555,128431
ICCbin,TRUE,1.23461413383484,8530
dparser,TRUE,1.84001398086548,182753
StakeholderAnalysis,TRUE,1.14338707923889,22263
qboxplot,TRUE,1.37790703773499,3720
rsample,TRUE,1.80463600158691,184189
ThankYouStars,TRUE,1.08588290214539,4072
BatchMap,TRUE,2.95713090896606,796292
anocva,TRUE,0.977773904800415,7684
PdPDB,TRUE,0.898278951644897,6127
rGoodData,TRUE,1.11285591125488,6188
rLDCP,TRUE,1.38441300392151,30353
rODE,TRUE,1.35647797584534,110451
geojson,TRUE,2.85454297065735,1006666
epxToR,TRUE,0.969763040542603,6132
Diderot,TRUE,1.09090900421143,25655
RcppQuantuccia,TRUE,4.39991807937622,1575152
ArCo,TRUE,1.68633890151978,43624
lplyr,TRUE,1.39699792861938,12568
Pstat,TRUE,1.01623511314392,18731
RJSplot,TRUE,2.81587195396423,859661
slowraker,TRUE,1.30844402313232,45595
infraFDTD.assist,TRUE,0.973818778991699,12974
MBHdesign,TRUE,1.57262706756592,264641
phylocanvas,TRUE,1.39063405990601,142180
rsurfer,TRUE,1.04892802238464,33211
coppeCosenzaR,TRUE,1.03392291069031,39904
vfcp,TRUE,0.974670886993408,5893
countyfloods,TRUE,1.89265394210815,473384
FinAna,TRUE,0.974169969558716,5481
kaphom,TRUE,0.975213050842285,3686
meanr,TRUE,1.30143904685974,172114
routr,TRUE,1.02277112007141,28141
GerminaR,TRUE,1.68517804145813,350227
WWR,TRUE,0.961591005325317,11762
cbar,TRUE,2.1789379119873,647726
MOEADr,TRUE,1.19471406936646,74690
MoLE,TRUE,1.14002799987793,75442
nspmix,TRUE,1.12342810630798,53171
optimization,TRUE,1.0377471446991,20480
EfficientMaxEigenpair,TRUE,2.10522389411926,564781
MHCtools,TRUE,1.2031831741333,99539
WaveLetLongMemory,TRUE,0.973553895950317,2908
zFactor,TRUE,1.51398897171021,339392
debugme,TRUE,3.00862598419189,994483
docuSignr,TRUE,0.96905517578125,5896
groupdata2,TRUE,1.83755302429199,309831
oii,TRUE,0.926728010177612,9624
ROI.plugin.msbinlp,TRUE,0.978146076202393,6650
ROI.plugin.optimx,TRUE,0.973381996154785,3430
liteq,TRUE,1.03120613098145,16827
EasyMx,TRUE,1.01231408119202,16649
htm2txt,TRUE,1.07802104949951,15437
mafs,TRUE,0.965246915817261,11341
monoreg,TRUE,2.73727607727051,737714
LZeroSpikeInference,TRUE,0.960230112075806,10133
geomedb,TRUE,0.957998037338257,3339
sicegar,TRUE,5.96631193161011,489070
vennplot,TRUE,1.12859201431274,17002
GSMX,TRUE,1.36355805397034,98465
rucrdtw,TRUE,1.63632011413574,313863
curstatCI,TRUE,1.21751093864441,49664
icmm,TRUE,2.80815100669861,945444
iDINGO,TRUE,1.39152693748474,109356
HybridFS,TRUE,1.03660416603088,28793
brea,TRUE,0.96735692024231,6552
colf,TRUE,1.03110218048096,25423
RcppBlaze,TRUE,9.13444900512695,2300870
Replicate,TRUE,0.960116863250732,4431
BMhyb,TRUE,1.01280498504639,42753
D3partitionR,TRUE,1.28320598602295,64831
editData,TRUE,5.19865298271179,2528356
BaTFLED3D,TRUE,1.58033800125122,244691
BrownDog,TRUE,1.11553311347961,6375
DWLasso,TRUE,0.972679853439331,5045
DataEntry,TRUE,1.33239889144897,158742
proustr,TRUE,3.93179798126221,2042454
confinterpret,TRUE,1.01946997642517,18210
additiveDEA,TRUE,1.041836977005,14977
TSCS,TRUE,1.090815782547,19230
msaR,TRUE,1.74234199523926,313749
basictabler,TRUE,2.72995185852051,733939
msu,TRUE,1.06703996658325,21038
SimTimeVar,TRUE,1.05387496948242,22150
statsDK,TRUE,1.27178692817688,46807
apercu,TRUE,0.982616901397705,6423
CHMM,TRUE,1.24462199211121,52946
MFKnockoffs,TRUE,1.31082201004028,51736
ArchaeoPhases,TRUE,7.26394701004028,2434842
breakfast,TRUE,1.3201789855957,6429
glacierSMBM,TRUE,3.04197311401367,407245
isnullptr,TRUE,1.38595795631409,1498
pder,TRUE,11.7239100933075,2162773
pifpaf,TRUE,6.68606400489807,1315870
ecoseries,TRUE,1.81920909881592,3652
EventStudy,TRUE,8.22536206245422,836865
importar,TRUE,1.36308312416077,1928
kfda,TRUE,0.968626022338867,3174
LFDREmpiricalBayes,TRUE,2.04593992233276,420295
tinyProject,TRUE,1.09780502319336,20591
BNPMIXcluster,TRUE,2.57414412498474,668530
coinmarketcapr,TRUE,0.975028991699219,2857
d3plus,TRUE,3.4877610206604,527415
econullnetr,TRUE,2.08634519577026,229366
prioritylasso,TRUE,6.29567003250122,3151551
parlitools,TRUE,7.46860694885254,1805884
leabRa,TRUE,1.49914503097534,85571
mosaicModel,TRUE,4.61797213554382,614554
MRFA,TRUE,1.08830904960632,27064
OBMbpkg,TRUE,0.909029960632324,2675
RcmdrPlugin.sutteForecastR,TRUE,0.966835021972656,2669
regexSelect,TRUE,0.972704172134399,3930
USCF,TRUE,0.957950115203857,1470
brazilmaps,TRUE,6.90249300003052,3150394
magicLamp,TRUE,0.961634874343872,2942
QLearning,TRUE,0.969223022460938,5287
rstansim,TRUE,8.68707299232483,4984489
softermax,TRUE,3.38770508766174,447129
cptec,TRUE,0.980557918548584,7028
ensemblepp,TRUE,1.8491530418396,243396
FDRSeg,TRUE,1.10267305374146,19764
ROI.plugin.clp,TRUE,0.97100305557251,3519
binaryGP,TRUE,0.984547853469849,14094
BMT,TRUE,1.29585695266724,99257
curvecomp,TRUE,0.96917986869812,8109
envDocument,TRUE,0.974447965621948,13533
EQUIVNONINF,TRUE,1.16312289237976,54728
fusionclust,TRUE,1.01618695259094,14525
gma,TRUE,1.35425591468811,196651
IGP,TRUE,1.04654097557068,25663
kpeaks,TRUE,1.03007507324219,28237
SiER,TRUE,0.975979089736938,7606
sure,TRUE,1.16756701469421,56016
BNSL,TRUE,1.02714610099792,15926
leafSTAR,TRUE,1.02274298667908,41918
mcMST,TRUE,1.54448890686035,322790
tsgui,TRUE,1.00490498542786,14448
cytominer,TRUE,1.67583608627319,427884
randnet,TRUE,1.08897113800049,16135
rbtt,TRUE,1.09040093421936,16158
SampleSize4ClinicalTrials,TRUE,0.981019020080566,2528
DES,TRUE,0.976058959960938,12406
googleComputeEngineR,TRUE,2.64718580245972,950205
MsdeParEst,TRUE,2.22522783279419,499401
wildcard,TRUE,1.15175700187683,11740
AurieLSHGaussian,TRUE,0.987233877182007,2872
CATTexact,TRUE,0.980588912963867,5103
gradientPickerD3,TRUE,1.28065896034241,119505
linemap,TRUE,3.42354297637939,1931111
MFT,TRUE,1.03419709205627,22658
veccompare,TRUE,1.05709886550903,27100
CausalImpact,TRUE,1.39034104347229,164485
causalMGM,TRUE,1.16019201278687,25230
glassdoor,TRUE,1.01235818862915,14387
ADPF,TRUE,1.0394868850708,16535
auto.pca,TRUE,0.979554891586304,1778
DCD,TRUE,1.02697587013245,19461
medmod,TRUE,0.976330041885376,9827
PredPsych,TRUE,2.01386404037476,581350
unifDAG,TRUE,3.86854195594788,2177977
GauPro,TRUE,1.01411414146423,15859
nos,TRUE,0.959524869918823,13620
opendotaR,TRUE,1.00503301620483,6979
sutteForecastR,TRUE,1.03530597686768,2716
yuimaGUI,TRUE,1.38500499725342,159347
MTSYS,TRUE,1.11254000663757,27777
CARS,TRUE,0.981940031051636,11276
fecR,TRUE,2.23644399642944,633187
GeoMongo,TRUE,2.05102491378784,458324
RTaxometrics,TRUE,1.16598701477051,26451
distrr,TRUE,1.0216178894043,16972
repurrrsive,TRUE,1.82512903213501,504904
SMM,TRUE,2.42129707336426,888214
AWR,TRUE,0.965029001235962,1955
Bios2cor,TRUE,2.37036299705505,886456
cprr,TRUE,0.968484878540039,5827
mapReasy,TRUE,2.68038201332092,1038855
modelwordcloud,TRUE,1.0951521396637,5522
multilaterals,TRUE,0.972111940383911,20847
PakPMICS2014Ch,TRUE,5.61510419845581,1899388
PakPMICS2014HH,TRUE,5.73673701286316,1690235
PakPMICS2014HL,TRUE,7.45496892929077,3191084
PakPMICS2014Wm,TRUE,4.88725209236145,2906297
unjoin,TRUE,1.08819794654846,6985
csabounds,TRUE,1.16750311851501,44025
FactorsR,TRUE,5.83491110801697,3480579
madrat,TRUE,1.72905421257019,192247
Ohit,TRUE,0.918220996856689,4504
TNC,TRUE,0.964854001998901,9242
UdderQuarterInfectionData,TRUE,1.1651668548584,23858
FuzzyNumbers.Ext.2,TRUE,1.01792621612549,10420
graphql,TRUE,1.23943090438843,54563
RcextTools,TRUE,2.34212112426758,829169
VDSPCalibration,TRUE,0.958101034164429,8477
billboard,TRUE,4.02746415138245,2232388
BosonSampling,TRUE,0.894152164459229,9065
cbanalysis,TRUE,0.981596946716309,1669
dplyrAssist,TRUE,4.19443702697754,2110357
freqdom.fda,TRUE,1.33297610282898,49859
re2r,TRUE,2.69528293609619,894091
RGeode,TRUE,1.45556688308716,18465
threshr,TRUE,1.24274015426636,83487
alphavantager,TRUE,0.972193956375122,6193
doubcens,TRUE,0.737468004226685,2963
pcdpca,TRUE,0.969773054122925,6347
ShinyImage,TRUE,5.89131808280945,3684341
AlphaVantageClient,TRUE,1.18482208251953,49212
BinarybalancedCut,TRUE,0.967917919158936,1593
afpt,TRUE,2.43079590797424,368702
cr17,TRUE,3.07709002494812,600650
DelayedEffect.Design,TRUE,1.14952301979065,6167
EcoIndR,TRUE,1.58178997039795,382247
Inflation,TRUE,1.18941688537598,98670
jaod,TRUE,0.961198091506958,8180
rDotNet,TRUE,1.43218088150024,117453
ari,TRUE,1.51686406135559,210780
cdparcoord,TRUE,5.31135106086731,3850516
npphen,TRUE,1.52024507522583,195225
wktmo,TRUE,0.977074146270752,3165
cenGAM,TRUE,1.32315397262573,46628
deltar,TRUE,1.08613705635071,40855
seedCCA,TRUE,1.42097997665405,183607
ebmc,TRUE,0.98694109916687,8287
FPV,TRUE,0.981408834457397,11548
LowWAFOMSobol,TRUE,5.83651995658875,4175809
mcompanion,TRUE,1.4984290599823,106716
MTE,TRUE,0.954628229141235,7006
nomogramEx,TRUE,0.981139898300171,2185
PeriodicTable,TRUE,1.15699696540833,23550
sensitivitymult,TRUE,1.04712295532227,28076
caffsim,TRUE,1.24747204780579,22304
ccmm,TRUE,1.41155600547791,44740
dmutate,TRUE,0.962877988815308,7343
PSIMEX,TRUE,1.38845205307007,171178
SpatialEpiApp,TRUE,4.48638105392456,1853542
LowWAFOMNX,TRUE,2.01490592956543,554644
prcr,TRUE,1.67455911636353,272975
accSDA,TRUE,1.20778512954712,46255
Ecohydmod,TRUE,0.992660999298096,4589
mExplorer,TRUE,1.03320002555847,36823
multdyn,TRUE,1.04092407226562,38062
noncomplyR,TRUE,1.18368315696716,77806
Strategy,TRUE,1.4836630821228,310496
ActiveDriver,TRUE,1.30686497688293,139635
genepop,TRUE,2.6072199344635,1121888
kntnr,TRUE,0.886077165603638,13488
macc,TRUE,1.77517104148865,447962
ConfigParser,TRUE,0.976871967315674,6783
esreg,TRUE,1.01811790466309,17966
R2DGC,TRUE,1.96796321868896,671988
simpleCache,TRUE,1.22332000732422,44239
SLICER,TRUE,2.76052093505859,1152640
STARTdesign,TRUE,0.958932876586914,4168
Wrapped,TRUE,0.976010084152222,5283
InfoTrad,TRUE,0.98036789894104,11275
ircor,TRUE,0.972388982772827,5670
GRCdata,TRUE,0.965954065322876,10418
happybiRthday,TRUE,1.35887789726257,122752
ccRemover,TRUE,3.65958905220032,1743085
sasMap,TRUE,1.30539703369141,141273
CompDist,TRUE,0.97578501701355,5527
forwards,TRUE,1.92560887336731,143249
gamCopula,TRUE,1.52703285217285,72188
AssayCorrector,TRUE,0.979963064193726,12451
atlantistools,TRUE,4.82611608505249,2435588
IceCast,TRUE,4.58340001106262,2279918
ggquiver,TRUE,2.32253098487854,344819
GrpString,TRUE,1.53228807449341,47566
LBSPR,TRUE,2.12157297134399,554523
PeakSegDP,TRUE,2.14424800872803,514742
samon,TRUE,3.78819799423218,2061240
SorptionAnalysis,TRUE,0.9842529296875,3203
CIplot,TRUE,1.16054892539978,26148
ConfoundedMeta,TRUE,0.971199035644531,7203
fastJT,TRUE,1.41107416152954,128049
lmmen,TRUE,0.981173992156982,12301
tsiR,TRUE,1.40938806533813,185873
rdpla,TRUE,1.88849401473999,448564
dataMeta,TRUE,1.54222512245178,286509
IAbin,TRUE,1.11272811889648,36151
rasterList,TRUE,5.97393798828125,3310642
rcv,TRUE,4.85162091255188,1817168
valaddin,TRUE,1.38362097740173,55538
vanddraabe,TRUE,3.89744591712952,1334501
vocaldia,TRUE,1.40726685523987,121349
GEint,TRUE,1.20094108581543,55059
IPMRF,TRUE,0.986775159835815,6600
poker,TRUE,1.0249879360199,16605
PsyControl,TRUE,1.1628520488739,57898
kangar00,TRUE,1.88074803352356,567026
OHPL,TRUE,2.05149412155151,620553
blink,TRUE,1.17575979232788,88464
default,TRUE,1.19146704673767,3759
multiCA,TRUE,1.11236310005188,14814
permGS,TRUE,1.03564190864563,26525
statesRcontiguous,TRUE,2.92694091796875,1444497
restfulr,TRUE,1.23791408538818,14858
ggversa,TRUE,1.53039193153381,180534
italy,TRUE,1.39852690696716,172118
equaltestMI,TRUE,1.04243803024292,33465
GFA,TRUE,1.00898408889771,37028
metaBMA,TRUE,1.17342090606689,93137
RcppXPtrUtils,TRUE,0.969648122787476,5980
soilcarbon,TRUE,1.73337388038635,380049
SpatialAcc,TRUE,1.17353916168213,27988
banR,TRUE,1.47631311416626,212826
cranlike,TRUE,0.852926015853882,10806
echogram,TRUE,6.6129150390625,4723837
EMAtools,TRUE,0.966309070587158,3430
ggsignif,TRUE,1.08338499069214,39542
lmmpar,TRUE,1.00716710090637,5115
multistate,TRUE,2.22019696235657,486447
rddensity,TRUE,1.13090300559998,25344
svenssonm,TRUE,0.966262102127075,5197
ambhasGW,TRUE,1.07352519035339,4481
GreedyEPL,TRUE,0.95720911026001,11412
IrishDirectorates,TRUE,1.48207211494446,22666
MixtureRegLTIC,TRUE,1.19720482826233,42481
rtimicropem,TRUE,2.60310697555542,1113005
subgroup.discovery,TRUE,1.33237409591675,138847
tbl2xts,TRUE,1.37855982780457,74095
ThermIndex,TRUE,0.965033769607544,3588
dejaVu,TRUE,1.68464803695679,402387
DoEstRare,TRUE,1.38324403762817,96580
fasjem,TRUE,2.00484108924866,309993
glmnetUtils,TRUE,1.3674488067627,48038
kpmt,TRUE,2.53882813453674,1155570
structree,TRUE,1.50676488876343,255572
nonlinearICP,TRUE,1.23726582527161,25280
fChange,TRUE,2.98946809768677,1341696
rclipboard,TRUE,0.972653865814209,6150
RkMetrics,TRUE,1.28932499885559,88025
CDVineCopulaConditional,TRUE,1.44178795814514,58891
mmtsne,TRUE,1.13224792480469,6904
lsplsGlm,TRUE,3.14811491966248,1177251
mosaicCalc,TRUE,1.14056491851807,27380
optiSolve,TRUE,2.45763087272644,660899
iRF,TRUE,1.62427091598511,86827
maxTPR,TRUE,0.962418079376221,4650
unrepx,TRUE,1.15322399139404,45747
bayeslongitudinal,TRUE,0.95914888381958,6794
concaveman,TRUE,1.0169780254364,34839
ggseqlogo,TRUE,1.9688549041748,565974
MRTSampleSize,TRUE,0.976068019866943,8086
PowerNormal,TRUE,0.821723937988281,4264
seqICP,TRUE,1.03187298774719,23784
sidrar,TRUE,1.29560708999634,161007
GGEBiplots,TRUE,0.966974020004272,13396
pcensmix,TRUE,1.01541304588318,17672
c2c,TRUE,1.03939700126648,16199
geoGAM,TRUE,5.3038649559021,3323431
dsmodels,TRUE,1.20441603660583,42113
prisonbrief,TRUE,1.55323505401611,151223
vcov,TRUE,1.2885320186615,17246
spNNGP,TRUE,5.40623712539673,2358758
DCA,TRUE,1.40259790420532,6986
BayesianGLasso,TRUE,1.47474408149719,3031
FastSF,TRUE,1.10224986076355,8788
harmonicmeanp,TRUE,0.975414037704468,3161
ivregEX,TRUE,1.06291604042053,23571
liquidSVM,TRUE,2.89086818695068,1141289
OBRE,TRUE,1.03379416465759,18021
scifigure,TRUE,1.90018105506897,299198
diffpriv,TRUE,2.08656692504883,530976
social,TRUE,1.03758215904236,15861
brlrmr,TRUE,1.03185296058655,18240
Census2016,TRUE,4.43897604942322,3009481
cnbdistr,TRUE,0.970103025436401,35253
ercv,TRUE,1.15040802955627,56306
flexsurvcure,TRUE,0.976496934890747,43073
fragilityindex,TRUE,0.975847005844116,1970
LCox,TRUE,0.973951816558838,4427
sergeant,TRUE,1.0747401714325,29523
gh,TRUE,1.11431694030762,15513
llogistic,TRUE,0.753007173538208,2730
senstrat,TRUE,1.13548588752747,45561
centiserve,TRUE,1.02337098121643,39275
docker,TRUE,0.958278894424438,9398
DrImpute,TRUE,2.88812804222107,1374792
randomForestExplainer,TRUE,1.33770680427551,183829
spongecake,TRUE,0.966110944747925,3347
tetraclasse,TRUE,0.967957019805908,4216
TSF,TRUE,0.970711946487427,2787
credsubs,TRUE,1.03890705108643,22670
geotoolsR,TRUE,0.971081972122192,12802
interfr,TRUE,3.61464214324951,383838
noaastormevents,TRUE,13.8289859294891,2482282
facebook.S4,TRUE,3.25046300888062,48848
interim,TRUE,1.53343105316162,7804
integIRTy,TRUE,3.13651299476624,1366099
NameNeedle,TRUE,1.79953217506409,152298
roots,TRUE,1.45844388008118,120224
AutoDeskR,TRUE,5.44766497612,3094715
dGAselID,TRUE,1.04736709594727,6614
FUNLDA,TRUE,1.7077009677887,70022
netcom,TRUE,0.983942985534668,12206
oompaData,TRUE,3.83041405677795,2215675
PoloniexR,TRUE,1.23006701469421,39385
SFS,TRUE,1.09142899513245,29677
decomposedPSF,TRUE,0.985491991043091,6111
fcm,TRUE,1.07439613342285,31225
lpdensity,TRUE,1.02163481712341,16589
mthapower,TRUE,0.987015008926392,4061
postlightmercury,TRUE,0.982007026672363,3267
fcuk,TRUE,0.982863903045654,9173
ggplotgui,TRUE,1.91836309432983,616522
l1kdeconv,TRUE,0.977896928787231,3472
mixlink,TRUE,1.28227519989014,57001
waccR,TRUE,0.963804960250854,7847
BNPMediation,TRUE,1.09354186058044,26924
SobolSequence,TRUE,2.46297693252563,713858
textile,TRUE,10.6347188949585,5859512
Autoplotprotein,TRUE,1.22683000564575,16024
correlbinom,TRUE,1.30000400543213,2572
ggChernoff,TRUE,1.16342306137085,6237
mandelbrot,TRUE,2.00341105461121,12516
Robocoap,TRUE,1.74689102172852,16470
assocInd,TRUE,2.13215804100037,9664
awspack,TRUE,2.22114300727844,2120
catSurv,TRUE,3.33123397827148,620032
coxphSGD,TRUE,1.47994899749756,6032
midas,TRUE,1.29988098144531,2424
numGen,TRUE,1.19298410415649,18005
SuperGauss,TRUE,1.44483804702759,271751
aws.cloudtrail,TRUE,0.970097780227661,10604
aws.sns,TRUE,0.965296030044556,12565
aws.sqs,TRUE,1.05228805541992,15630
cepR,TRUE,6.6468939781189,2529953
SSM,TRUE,1.18246102333069,62475
wql,TRUE,3.70133185386658,1938340
aurelius,TRUE,1.3598370552063,97913
ecolottery,TRUE,1.84812617301941,156300
mnis,TRUE,1.05098390579224,20954
autoBagging,TRUE,2.20904803276062,788192
aws.lambda,TRUE,0.937844038009644,11491
geoSpectral,TRUE,6.78282499313354,3116390
hurdlr,TRUE,1.12310290336609,16710
kgschart,TRUE,3.33170890808105,1543642
quickregression,TRUE,0.965131998062134,3285
rsoi,TRUE,1.41871809959412,14572
aws.iam,TRUE,1.01185894012451,18567
fence,TRUE,1.04847407341003,36637
hbdct,TRUE,0.978360891342163,7550
MicroMacroMultilevel,TRUE,0.802539110183716,13012
SkyWatchr,TRUE,0.975602865219116,5044
BiBitR,TRUE,1.80915093421936,361912
hhh4contacts,TRUE,1.5606689453125,199392
scpm,TRUE,1.10435199737549,43440
StratifiedRF,TRUE,0.974501132965088,5143
BradleyTerryScalable,TRUE,1.31593799591064,171701
gsloid,TRUE,1.75213599205017,118939
kazaam,TRUE,2.08164405822754,496273
My.stepwise,TRUE,0.976550102233887,6359
pinnacle.data,TRUE,2.99529886245728,1718619
assertable,TRUE,1.27237010002136,32479
ExpRep,TRUE,1.13120698928833,14101
ForecastFramework,TRUE,1.3389720916748,173307
goldi,TRUE,1.65068817138672,483047
ppcc,TRUE,1.00668787956238,14940
SFtools,TRUE,0.956398010253906,5689
sparsio,TRUE,0.994011163711548,42282
FSTpackage,TRUE,2.30552911758423,1077206
gmediation,TRUE,1.5984628200531,282861
NCSampling,TRUE,1.32021999359131,64483
Opportunistic,TRUE,0.983020067214966,3102
otrimle,TRUE,1.01821088790894,19896
BayesTwin,TRUE,1.67201709747314,399889
CRANsearcher,TRUE,2.68480491638184,1240575
intRvals,TRUE,1.13688993453979,39378
plater,TRUE,1.56457901000977,136497
pltesim,TRUE,1.13777589797974,24209
rattle.data,TRUE,4.61309599876404,2071276
twfy,TRUE,1.03690004348755,32642
net.security,TRUE,3.48228883743286,608924
tidygenomics,TRUE,5.45064115524292,301216
DZEXPM,TRUE,1.17112994194031,9688
MultiSkew,TRUE,1.01194596290588,14182
BCgee,TRUE,0.948333024978638,8311
corset,TRUE,1.04124021530151,25472
JumpTest,TRUE,1.04195404052734,20295
m2r,TRUE,1.2409360408783,45350
mljar,TRUE,1.02676796913147,15973
nlsrk,TRUE,1.01455187797546,17671
SCAT,TRUE,1.31640195846558,47342
MOQA,TRUE,1.36399078369141,20985
rMouse,TRUE,1.22099804878235,30580
rrcov3way,TRUE,1.75926899909973,108421
swapClass,TRUE,0.96583890914917,4469
ftDK,TRUE,0.969845056533813,7910
anchoredDistr,TRUE,4.23923707008362,549903
mssqlR,TRUE,1.04215693473816,17355
POMaSPU,TRUE,0.964384078979492,5047
rematch2,TRUE,0.985826015472412,11384
RLeafAngle,TRUE,2.19038701057434,136097
taxizedb,TRUE,1.10149216651917,15985
ukbabynames,TRUE,4.48588514328003,589927
clinPK,TRUE,5.1974470615387,797493
namedCapture,TRUE,0.966106176376343,6203
PeakError,TRUE,0.986399173736572,8165
sfadv,TRUE,2.0677649974823,134619
forecastSNSTS,TRUE,1.04141902923584,15745
processmonitR,TRUE,0.979521989822388,6632
ECFsup,TRUE,0.972490072250366,13947
secret,TRUE,2.85025906562805,259878
CityWaterBalance,TRUE,7.20295596122742,1754537
phenopix,TRUE,3.86996102333069,400366
baseballDBR,TRUE,1.87875008583069,125271
dataverse,TRUE,6.35257792472839,1351821
GeoRange,TRUE,1.27615714073181,62443
mccr,TRUE,0.975568056106567,1617
pleiades,TRUE,3.56917405128479,939856
zooaRchGUI,TRUE,2.67277312278748,476836
nscprepr,TRUE,0.960174083709717,2998
ZIBseq,TRUE,1.162672996521,52937
d3Tree,TRUE,1.3811628818512,99489
argon2,TRUE,1.15770196914673,47719
patternator,TRUE,0.967512130737305,7206
SanFranBeachWater,TRUE,0.957818031311035,4396
standardize,TRUE,1.16899394989014,72721
featurizer,TRUE,1.02596402168274,19521
orderstats,TRUE,0.959681987762451,2569
colorpatch,TRUE,1.3556010723114,88677
soptdmaeA,TRUE,1.12868309020996,14482
frequencies,TRUE,1.0845160484314,6706
getmstatistic,TRUE,4.45501494407654,1081825
mixEMM,TRUE,0.86354398727417,12716
Risk,TRUE,1.29409003257751,7432
xsp,TRUE,0.973440885543823,3282
gqlr,TRUE,1.40586805343628,91987
iNOTE,TRUE,2.44954800605774,327187
BAYESDEF,TRUE,1.07837700843811,13212
bdlp,TRUE,1.04163789749146,36051
covfefe,TRUE,0.964233875274658,7952
gamlssbssn,TRUE,0.955715894699097,4421
gghalfnorm,TRUE,0.965825796127319,3070
HDCI,TRUE,0.974210023880005,11974
iadf,TRUE,1.36739301681519,109156
piton,TRUE,1.1554069519043,43208
pwrAB,TRUE,0.965827941894531,5424
rpst,TRUE,0.969439029693604,9182
themetagenomics,TRUE,6.86384797096252,2857713
zstdr,TRUE,5.44869804382324,2176980
capn,TRUE,1.06040000915527,34547
imaginator,TRUE,1.15166997909546,45254
ck37r,TRUE,1.44834303855896,83307
eesim,TRUE,4.94967603683472,1507990
glmertree,TRUE,2.02880191802979,303775
KRMM,TRUE,1.0944299697876,9520
NB.MClust,TRUE,1.0696702003479,19116
hypersampleplan,TRUE,0.971082925796509,9148
logOfGamma,TRUE,0.980634927749634,1945
webglobe,TRUE,9.5122230052948,5002654
kerasR,TRUE,2.17698192596436,345104
QPBoot,TRUE,1.35258793830872,27494
baitmet,TRUE,3.57416296005249,254691
difconet,TRUE,2.72989106178284,14537
ElastH,TRUE,3.95884704589844,696177
ids,TRUE,1.96502780914307,79401
ImaginR,TRUE,1.16211199760437,87262
logistic4p,TRUE,1.06074905395508,36097
pencopulaCond,TRUE,1.04087090492249,42092
mdpeer,TRUE,2.49331498146057,549011
DDM,TRUE,1.27581214904785,56919
dfCompare,TRUE,0.95890212059021,1458
phrasemachine,TRUE,0.984688997268677,14815
here,TRUE,0.771560907363892,3607
SmartSVA,TRUE,0.970759153366089,3448
didrooRFM,TRUE,0.960618019104004,2425
polypoly,TRUE,1.17716407775879,67330
SeerMapper,TRUE,5.82959389686584,3101553
stratvns,TRUE,0.980042934417725,5300
CharFun,TRUE,1.12958788871765,43685
stratbr,TRUE,0.965177059173584,4690
tictactoe,TRUE,1.62368988990784,226309
apng,TRUE,1.05361199378967,21998
rdoxygen,TRUE,0.887284994125366,13303
timelineR,TRUE,3.14439797401428,627232
TriadSim,TRUE,2.81836199760437,733073
lans2r,TRUE,5.46318602561951,2944206
wally,TRUE,1.30610513687134,74477
RHPCBenchmark,TRUE,1.25987195968628,72808
RNAstructureModuleMiner,TRUE,1.11183500289917,6599
ROI.models.miplib,TRUE,0.949969053268433,5491
rpatrec,TRUE,1.57274079322815,252006
xLLiM,TRUE,1.31985306739807,79735
Rd2md,TRUE,1.39905405044556,172232
sotu,TRUE,5.35378193855286,2674541
NPMOD,TRUE,0.974134922027588,11378
AHMbook,TRUE,1.46884298324585,168449
CATT,TRUE,1.07946610450745,1741
checkarg,TRUE,1.99796891212463,238177
kdevine,TRUE,1.85013294219971,108484
numKM,TRUE,0.898786783218384,2096
poisbinom,TRUE,1.18943691253662,4409
printr,TRUE,1.90039896965027,15534
GUIgems,TRUE,9.0225031375885,1245197
easyNCDF,TRUE,1.18403291702271,13937
zeligverse,TRUE,1.16486883163452,18827
ExcessMass,TRUE,0.874855041503906,9439
PROscorer,TRUE,1.13763809204102,50281
rif,TRUE,1.77368998527527,390929
PairwiseD,TRUE,1.21493196487427,52571
PROscorerTools,TRUE,1.15293192863464,36689
slim,TRUE,1.98898720741272,280558
gomms,TRUE,1.3814480304718,7962
GEEmediate,TRUE,0.962001085281372,5323
learnrbook,TRUE,10.4162390232086,3430223
mbgraphic,TRUE,11.0203709602356,4469963
diffMeshGP,TRUE,0.92668890953064,3759
EpistemicGameTheory,TRUE,2.73881006240845,6383
fastTextR,TRUE,2.31640911102295,30425
iGSEA,TRUE,1.94562196731567,4641
jocre,TRUE,1.07012295722961,17169
lifelogr,TRUE,2.30685305595398,922892
shinycssloaders,TRUE,1.04941415786743,39931
sinib,TRUE,1.04379105567932,7247
usedist,TRUE,0.976218938827515,6593
iECAT,TRUE,1.42436814308167,244830
lhmixr,TRUE,1.72278785705566,16983
pawls,TRUE,0.963573932647705,8819
WebGestaltR,TRUE,1.73682308197021,342368
lindia,TRUE,0.970201969146729,9855
lsasim,TRUE,1.04262614250183,24748
outbreaks,TRUE,1.48574113845825,234627
qrsvm,TRUE,0.973985910415649,4943
AcuityView,TRUE,1.31886100769043,155010
plotprotein,TRUE,1.01173710823059,15466
IndianTaxCalc,TRUE,0.96737813949585,2086
RPEXE.RPEXT,TRUE,2.53444600105286,1043924
PROreg,TRUE,1.16342496871948,31460
pwr2,TRUE,0.940701961517334,4561
cowbell,TRUE,1.56763911247253,421658
crunchy,TRUE,0.962624073028564,4082
ContourFunctions,TRUE,1.56803297996521,367587
DataGraph,TRUE,1.12848496437073,73656
idar,TRUE,1.1819760799408,56571
seasonalview,TRUE,1.02421593666077,37740
kmcudaR,TRUE,1.14200496673584,73690
m2b,TRUE,1.93498587608337,345562
qrmix,TRUE,1.00802183151245,16554
discord,TRUE,0.856530904769897,8429
dsrTest,TRUE,1.02219986915588,25200
KSEAapp,TRUE,2.07036209106445,619710
mut,TRUE,0.967878818511963,8497
ncdump,TRUE,1.13796401023865,45224
onehot,TRUE,1.07581281661987,3526
angstroms,TRUE,2.98019289970398,1206234
EML,TRUE,2.54501605033875,696435
MHTmult,TRUE,0.964091062545776,6870
MetaboList,TRUE,0.97494101524353,3181
pafdR,TRUE,1.88006711006165,565184
SPADAR,TRUE,1.74386382102966,275216
ChocoLattes,TRUE,1.39054918289185,69540
dataseries,TRUE,1.10483193397522,2709
mockr,TRUE,0.874423980712891,6072
casebase,TRUE,3.4170458316803,2119935
gsrsb,TRUE,1.08606195449829,14905
WikidataQueryServiceR,TRUE,0.885760068893433,6985
aSPC,TRUE,0.979875802993774,4584
mstherm,TRUE,1.38122820854187,154962
bulletr,TRUE,3.26353693008423,1682875
coxphMIC,TRUE,1.03254103660583,22554
md.log,TRUE,1.02823710441589,4796
censCov,TRUE,1.10861587524414,7162
RandMeta,TRUE,1.19433403015137,55762
zip,TRUE,1.1551079750061,60823
ajv,TRUE,1.18906593322754,51718
BarBorGradient,TRUE,0.96875,4585
ider,TRUE,2.79508900642395,862713
nonpar,TRUE,1.19053077697754,6027
ring,TRUE,2.40165305137634,314300
selectapref,TRUE,0.901873111724854,2268
startR,TRUE,1.3607451915741,49587
chemmodlab,TRUE,1.23811793327332,98076
CrossScreening,TRUE,1.44312000274658,109112
KENDL,TRUE,0.968698978424072,4379
RpeakChrom,TRUE,1.35561895370483,116775
SADISA,TRUE,1.04557800292969,38136
simMP,TRUE,1.0596878528595,15504
statGraph,TRUE,1.33930206298828,16298
unix,TRUE,1.11940288543701,6906
PortfolioOptim,TRUE,0.970508813858032,12217
PCADSC,TRUE,0.96357798576355,12679
yarrr,TRUE,6.60114407539368,3815032
icosa,TRUE,5.87122797966003,2659868
TSGSIS,TRUE,0.962484836578369,5360
uqr,TRUE,1.20413684844971,9699
WLreg,TRUE,1.27994608879089,7231
mro,TRUE,1.29266810417175,2361
complexity,TRUE,1.50656795501709,1687
bayesCL,TRUE,1.98741698265076,116328
SeerMapper2010East,TRUE,10.3140070438385,4357787
SeerMapper2010West,TRUE,6.44609618186951,1982016
StatPerMeCo,TRUE,1.28136515617371,4440
thankr,TRUE,1.55112099647522,3773
fpest,TRUE,2.17666912078857,1432
nopaco,TRUE,1.98053002357483,83496
R2ucare,TRUE,2.40492010116577,49511
SeerMapper2010Regs,TRUE,5.40049505233765,3056867
spec,TRUE,0.970650911331177,13781
Tnseq,TRUE,1.76731085777283,56150
tubern,TRUE,0.979628086090088,22315
wrangle,TRUE,0.962882995605469,6094
marcher,TRUE,1.39404106140137,191253
optrcdmaeAT,TRUE,1.07349801063538,16027
SeerMapperEast,TRUE,7.6626889705658,4087047
SeerMapperWest,TRUE,5.30198097229004,1939052
fastqcr,TRUE,9.70083498954773,1323731
GADAG,TRUE,1.31517791748047,54502
GLIDE,TRUE,3.90752506256104,1740851
D3GB,TRUE,2.40375685691833,580885
lspline,TRUE,1.78056311607361,122918
SeerMapperRegs,TRUE,8.67883086204529,2877950
mRchmadness,TRUE,2.17480516433716,540766
skeletor,TRUE,1.12076902389526,10953
duckduckr,TRUE,1.17177987098694,4136
IMTest,TRUE,1.79057717323303,82267
MedDietCalc,TRUE,1.81683897972107,164142
micEconIndex,TRUE,1.09743309020996,16561
secure,TRUE,2.41314482688904,736284
sylcount,TRUE,1.43434906005859,124674
classifierplots,TRUE,1.65431189537048,251477
CoFRA,TRUE,6.36025404930115,3640938
eshrink,TRUE,1.03352093696594,14248
zfa,TRUE,1.05708718299866,18375
HYRISK,TRUE,0.96851921081543,13359
TSMN,TRUE,0.95605206489563,5226
afmToolkit,TRUE,6.10120606422424,2760263
groupsubsetselection,TRUE,1.68871593475342,33245
nlshelper,TRUE,0.978007078170776,9739
vesselr,TRUE,0.965468168258667,4534
xbreed,TRUE,2.11030197143555,511300
xyz,TRUE,1.48282480239868,74132
enrichR,TRUE,0.973558902740479,10219
medicare,TRUE,2.69293904304504,969779
grapes,TRUE,1.37442398071289,131445
InterfaceqPCR,TRUE,2.53642797470093,726520
SARP.moodle,TRUE,1.06512904167175,31413
tensorr,TRUE,1.71798801422119,47312
aptg,TRUE,0.918597936630249,23248
focusedMDS,TRUE,1.53686213493347,213382
kscons,TRUE,1.55114388465881,239969
optim.functions,TRUE,0.965213060379028,5284
BLModel,TRUE,0.970299005508423,9927
fam2r,TRUE,1.98089003562927,346744
metavcov,TRUE,1.28872299194336,15182
moezipfR,TRUE,0.959130048751831,11824
patternize,TRUE,1.75903511047363,399667
tilegramsR,TRUE,1.66609191894531,337514
tsqn,TRUE,0.973010063171387,10456
itan,TRUE,5.07715511322021,2705723
shinyHeatmaply,TRUE,1.15235185623169,15613
NetworkRiskMeasures,TRUE,1.18120813369751,33951
slimrec,TRUE,1.43568801879883,130328
TeachBayes,TRUE,2.7627739906311,839718
vortexRdata,TRUE,3.14105701446533,1049418
docstring,TRUE,1.19325184822083,13853
IPWsurvival,TRUE,1.21417713165283,19283
PCFAM,TRUE,1.2141010761261,83901
affluenceIndex,TRUE,0.97281813621521,13549
summariser,TRUE,0.975157976150513,2985
tsxtreme,TRUE,1.35695099830627,46429
CVR,TRUE,2.84264802932739,747529
pathmapping,TRUE,1.21435594558716,35827
xlsimple,TRUE,1.17012596130371,12823
FMC,TRUE,0.973005056381226,4046
gpg,TRUE,1.94501399993896,350284
orgutils,TRUE,1.53886890411377,122610
rnaturalearth,TRUE,1.50852203369141,193162
rolr,TRUE,0.960254907608032,13361
stmgp,TRUE,1.62049293518066,300322
EstimateGroupNetwork,TRUE,1.13736987113953,17493
Rvoterdistance,TRUE,1.81939101219177,206672
shinyShortcut,TRUE,1.10735988616943,16223
OSCV,TRUE,1.23716807365417,17798
BASS,TRUE,1.31327986717224,100498
BCSub,TRUE,0.958471059799194,7535
CNull,TRUE,1.19084596633911,21568
FlexDir,TRUE,1.12154507637024,31890
RankingProject,TRUE,2.84291005134583,1089734
rolypoly,TRUE,1.99366497993469,487908
gee4,TRUE,1.31395816802979,63459
gatepoints,TRUE,1.03170800209045,17675
outreg,TRUE,0.971839904785156,12922
collpcm,TRUE,1.30546617507935,91872
radmixture,TRUE,1.06065821647644,20440
cmpprocess,TRUE,0.967463970184326,5766
iNextPD,TRUE,4.31793189048767,2492757
rdataretriever,TRUE,2.37838506698608,7518
HoRM,TRUE,1.90073895454407,28151
SigOptR,TRUE,2.29686594009399,4295
CONS,TRUE,1.3467059135437,10862
iSDM,TRUE,1.47188997268677,11031
SymTS,TRUE,1.52512788772583,41955
VertexSort,TRUE,1.62416195869446,21634
badger,TRUE,1.13515400886536,3760
BCellMA,TRUE,1.18519687652588,23746
NHLData,TRUE,1.776780128479,355939
readOffice,TRUE,2.28101015090942,629369
cpr,TRUE,1.88548302650452,373340
otinference,TRUE,1.00757789611816,3784
remindR,TRUE,0.972076177597046,11960
edarf,TRUE,1.75615382194519,453985
funchir,TRUE,0.970669031143188,11258
gt4ireval,TRUE,1.06119012832642,37377
MLID,TRUE,4.3293788433075,2285051
twilio,TRUE,0.970483064651489,6567
VarED,TRUE,0.981378078460693,2852
CPsurv,TRUE,1.4837121963501,44697
SubgrpID,TRUE,1.54205799102783,69221
CensSpatial,TRUE,1.12824511528015,27187
cghRA,TRUE,4.37427592277527,2014339
Dpit,TRUE,1.20967698097229,49749
cropdatape,TRUE,1.43194007873535,186754
fitplc,TRUE,1.11064100265503,16938
gaiah,TRUE,2.28152894973755,671423
WPKDE,TRUE,1.02817010879517,7621
DiffNet,TRUE,0.969847917556763,7781
rcc,TRUE,0.9633469581604,4433
dirmcmc,TRUE,1.24216103553772,100722
extdplyr,TRUE,0.978391885757446,6637
fontHind,TRUE,2.28482604026794,688357
fontMPlus,TRUE,2.97001695632935,869917
gbts,TRUE,1.34301018714905,52233
leafletCN,TRUE,5.51587820053101,2936979
misreport,TRUE,1.78385210037231,376972
automagic,TRUE,0.949954986572266,6810
AWR.Kinesis,TRUE,6.22318315505981,3091459
betacal,TRUE,0.971740961074829,2135
ccafs,TRUE,3.41072416305542,1002417
europop,TRUE,1.49122190475464,17367
som.nn,TRUE,1.10416388511658,29196
TAR,TRUE,0.97933292388916,13180
EnviroPRA,TRUE,1.03615498542786,17340
InvasionCorrection,TRUE,0.971101045608521,2661
naptime,TRUE,0.971658945083618,9250
neighbr,TRUE,1.14123392105103,25382
prefeR,TRUE,0.987581014633179,22405
robustarima,TRUE,1.08402705192566,76076
BayesSpec,TRUE,1.10126399993896,33066
BCC1997,TRUE,0.970670938491821,2364
bsearchtools,TRUE,0.974586963653564,13975
DecorateR,TRUE,0.977727174758911,4040
lclGWAS,TRUE,1.16052794456482,78222
mle.tools,TRUE,0.96368408203125,6769
rnaturalearthdata,TRUE,5.80704307556152,3219989
stdvectors,TRUE,0.972126007080078,10607
AWR.KMS,TRUE,0.957602024078369,4276
BayesFM,TRUE,1.10473608970642,38254
colorr,TRUE,0.971326112747192,8820
fileplyr,TRUE,0.967866897583008,7476
gMOIP,TRUE,1.34550809860229,7370
GSparO,TRUE,1.66735792160034,3514
upmfit,TRUE,1.17219686508179,54559
educineq,TRUE,1.64483404159546,462515
keyringr,TRUE,0.962476968765259,2070
marinespeed,TRUE,1.2434070110321,90866
opusminer,TRUE,1.02220392227173,17223
rope,TRUE,1.97656893730164,674243
spdownscale,TRUE,1.1834511756897,70448
ubeR,TRUE,0.853837013244629,11677
condir,TRUE,1.86894416809082,522663
velociraptr,TRUE,0.990679025650024,19620
warpMix,TRUE,0.964545011520386,7189
dgodata,TRUE,5.9818058013916,4840173
eefAnalytics,TRUE,1.02718687057495,24411
paperplanes,TRUE,0.963235855102539,7683
rapiclient,TRUE,1.09548783302307,14752
HRQoL,TRUE,1.0946638584137,31363
maxnet,TRUE,1.40309810638428,31421
optbdmaeAT,TRUE,1.28775000572205,14520
BayesCombo,TRUE,1.62987899780273,214167
FuzzyStatTra,TRUE,0.93208909034729,22274
OCA,TRUE,0.9774169921875,13568
GPB,TRUE,0.964529991149902,8859
cbird,TRUE,0.96254301071167,11619
mdftracks,TRUE,1.04275608062744,24637
QuantileGradeR,TRUE,1.01720690727234,28181
samplingDataCRT,TRUE,1.49515199661255,342853
SMLoutliers,TRUE,0.973724842071533,3533
mbrglm,TRUE,0.969805002212524,12195
flippant,TRUE,1.36033201217651,195600
superheat,TRUE,1.16252088546753,57884
moveWindSpeed,TRUE,1.84594392776489,550148
mpe,TRUE,1.1096670627594,31095
readHAC,TRUE,5.23901391029358,3189287
SignifReg,TRUE,0.967015027999878,6039
EnsCat,TRUE,4.54358601570129,2287425
ShinyTester,TRUE,0.960908889770508,6430
sonify,TRUE,1.39638209342957,4945
ssmsn,TRUE,1.08665680885315,2692
iBST,TRUE,1.0283579826355,28646
flood,TRUE,1.00547003746033,14285
inspectr,TRUE,1.03625011444092,16101
observer,TRUE,0.983434915542603,13515
poio,TRUE,1.02061414718628,25323
alphabetr,TRUE,1.12696218490601,60130
gbp,TRUE,1.74456310272217,451608
hurricaneexposure,TRUE,3.69348812103271,1903354
tracer,TRUE,2.2216169834137,537533
LumReader,TRUE,1.88336586952209,476295
sparsestep,TRUE,0.780524015426636,9455
BayesPieceHazSelect,TRUE,0.970968008041382,10747
eclust,TRUE,6.51878690719604,4319223
nparsurv,TRUE,1.58068990707397,5322
mutSignatures,TRUE,1.13820600509644,20246
NORMA,TRUE,0.991189956665039,8392
powerEQTL,TRUE,0.932944774627686,8930
rKIN,TRUE,2.13740015029907,23272
simpleSetup,TRUE,1.68304395675659,2603
chi2x3way,TRUE,1.20884394645691,15872
skm,TRUE,2.71823883056641,1211416
ICV,TRUE,1.17397499084473,9182
intrval,TRUE,1.10432291030884,10730
kpcalg,TRUE,1.31687998771667,159022
mglR,TRUE,1.37754797935486,127060
SOFIA,TRUE,1.3411340713501,149800
tea,TRUE,1.07566499710083,42647
teda,TRUE,0.962724924087524,6996
rcure,TRUE,0.964689016342163,13705
testforDEP,TRUE,1.29974699020386,134101
bytescircle,TRUE,1.50024008750916,321937
caesar,TRUE,0.970106840133667,2342
cleanr,TRUE,1.49813890457153,223861
conditions,TRUE,0.965441226959229,9034
bayesianETAS,TRUE,0.962894916534424,9010
rCAT,TRUE,1.5075421333313,315036
cumstats,TRUE,0.971575021743774,13092
maxmatching,TRUE,0.972268104553223,12779
PoSI,TRUE,0.979078054428101,9945
InfiniumPurify,TRUE,2.2775411605835,830909
rwars,TRUE,0.973592042922974,9543
GeneClusterNet,TRUE,1.1766209602356,41122
SADEG,TRUE,1.11417293548584,7470
sparkwarc,TRUE,1.78350210189819,321161
EBrank,TRUE,0.968276023864746,6141
rld,TRUE,1.33913922309875,14474
zTree,TRUE,1.11417007446289,21460
esmisc,TRUE,1.8927628993988,397886
NetWeaver,TRUE,1.13922095298767,23782
QRank,TRUE,0.97677206993103,7687
BoolFilter,TRUE,1.53905415534973,313903
esaddle,TRUE,1.33644604682922,180875
rjsonapi,TRUE,1.10490393638611,19985
sysid,TRUE,1.75955510139465,496541
BivRegBLS,TRUE,1.21810388565063,52117
fabCI,TRUE,0.976433038711548,11372
ltxsparklines,TRUE,1.1844470500946,95281
Plasmidprofiler,TRUE,1.0529670715332,32189
semver,TRUE,1.06033205986023,19776
crisp,TRUE,1.02672290802002,16570
FixSeqMTP,TRUE,0.973419904708862,7782
requireR,TRUE,0.979830026626587,7697
dSVA,TRUE,6.07353496551514,3848689
HeritSeq,TRUE,4.01254391670227,2216938
minimalRSD,TRUE,0.971643924713135,4708
Partiallyoverlapping,TRUE,0.962938070297241,4154
pwt9,TRUE,3.78771209716797,1257637
Redmonder,TRUE,1.63684105873108,10033
tsdecomp,TRUE,2.66429114341736,109932
TSeriesMMA,TRUE,1.38748002052307,3704
colr,TRUE,1.18507313728333,12337
FTRLProximal,TRUE,0.974465131759644,9495
natserv,TRUE,1.12973999977112,36542
awsjavasdk,TRUE,0.961108922958374,9395
censys,TRUE,0.964208841323853,11311
hds,TRUE,1.03314900398254,21909
bossMaps,TRUE,2.39665389060974,880194
attrCUSUM,TRUE,1.26357197761536,58328
acrt,TRUE,1.3078989982605,19375
bayesloglin,TRUE,1.4107038974762,228653
DStree,TRUE,1.07032084465027,20334
KTensorGraphs,TRUE,1.00717902183533,19319
restrictedMVN,TRUE,0.958225965499878,6830
rFTRLProximal,TRUE,0.956223011016846,9653
spark.sas7bdat,TRUE,0.984829902648926,9785
UStatBookABSC,TRUE,0.965620040893555,6114
DISTRIB,TRUE,0.972226142883301,7932
factorcpt,TRUE,1.17604899406433,12951
utf8latex,TRUE,1.36241507530212,45616
findviews,TRUE,1.03165102005005,30077
ggguitar,TRUE,1.28534507751465,82264
ROI.models.netlib,TRUE,6.75256681442261,3238778
ztype,TRUE,1.03254508972168,3792
crosstalk,TRUE,3.13001585006714,563474
pgee.mixed,TRUE,1.96572804450989,23299
rocNIT,TRUE,1.62386703491211,2178
SpaTimeClus,TRUE,1.50631380081177,39872
aws.ses,TRUE,0.954201936721802,9137
SPPcomb,TRUE,1.31761980056763,97692
stmgui,TRUE,1.20922207832336,81248
pipeliner,TRUE,1.02894997596741,27372
DirectStandardisation,TRUE,0.974374055862427,7079
magicfor,TRUE,1.79720592498779,13471
MTDrh,TRUE,5.95887207984924,2186882
MWRidge,TRUE,0.940819978713989,3703
PepSAVIms,TRUE,9.92017102241516,3321366
FinancialMath,TRUE,1.41376709938049,29673
coprimary,TRUE,2.65346813201904,16180
BTYDplus,TRUE,4.17985701560974,490342
bpp,TRUE,1.99705004692078,64039
MODISSnow,TRUE,2.93722200393677,3621
poptrend,TRUE,3.34986615180969,67365
ampd,TRUE,1.374018907547,2641
DNLC,TRUE,1.07722783088684,3847
errorizer,TRUE,0.980270147323608,7947
rtrends,TRUE,1.1837329864502,12199
CuCubes,TRUE,8.66244006156921,918197
GLMaSPU,TRUE,0.97155499458313,8697
magree,TRUE,4.53678488731384,197113
rrr,TRUE,10.0042428970337,1530590
aws.polly,TRUE,0.973359823226929,7305
gofMC,TRUE,1.24302792549133,16592
Radviz,TRUE,1.99558901786804,140202
DCM,TRUE,1.11798501014709,21445
icesVocab,TRUE,1.84809112548828,6945
rccmisc,TRUE,1.66879606246948,32880
robustsae,TRUE,1.12357187271118,12606
AmmoniaConcentration,TRUE,1.29300785064697,2216
bannerCommenter,TRUE,3.43209600448608,163592
bridger2,TRUE,2.62215185165405,184521
easypackages,TRUE,1.98554086685181,15995
melviewr,TRUE,5.64628410339355,988324
MultiBD,TRUE,10.7561929225922,1379533
optigrab,TRUE,2.43717813491821,37526
PANDA,TRUE,3.83885097503662,255392
rt3,TRUE,1.23121500015259,5458
tswge,TRUE,2.40057802200317,438102
phuassess,TRUE,0.944958925247192,9604
SISIR,TRUE,1.06312489509583,12942
rhnerm,TRUE,1.1314709186554,3694
ClimDown,TRUE,4.96072793006897,1343955
vkR,TRUE,1.16651582717896,46638
deconvolveR,TRUE,8.99738907814026,2141695
freqdist,TRUE,0.958786010742188,1421
gbs2ploidy,TRUE,7.20116281509399,1294606
rxSeq,TRUE,2.69816303253174,238209
camsRad,TRUE,2.0615451335907,13683
eMLEloglin,TRUE,1.91756296157837,253719
effectFusion,TRUE,1.22145509719849,80203
listdtr,TRUE,1.13198304176331,27647
Przewodnik,TRUE,4.19016194343567,1283972
testassay,TRUE,1.24723100662231,35162
tsdisagg2,TRUE,2.12955784797668,368578
GeomComb,TRUE,1.01483798027039,39879
notifyme,TRUE,1.08238196372986,3784
aslib,TRUE,3.71684312820435,1074139
dynetNLAResistance,TRUE,2.52150297164917,457131
rIsing,TRUE,1.12549495697021,30232
rlo,TRUE,0.975614070892334,10382
survAWKMT2,TRUE,0.964651107788086,5206
quarrint,TRUE,5.04792094230652,1964440
RDStreeboot,TRUE,1.08021807670593,38996
epistasis,TRUE,0.96209979057312,28252
SpaCCr,TRUE,2.55534315109253,408411
strat,TRUE,1.8518180847168,149172
mbclusterwise,TRUE,1.04807710647583,25243
ockc,TRUE,0.963175058364868,5730
Rdtq,TRUE,0.975310087203979,11201
pstest,TRUE,0.987584114074707,6262
relabeLoadings,TRUE,1.0767810344696,3828
ADCT,TRUE,0.974948883056641,4548
climbeR,TRUE,2.39006805419922,672310
DGCA,TRUE,3.97271609306335,1169698
gwfa,TRUE,4.89338183403015,1615615
NegBinBetaBinreg,TRUE,1.01200914382935,9392
tinsel,TRUE,0.882479906082153,11654
apdesign,TRUE,0.960345983505249,5687
colormap,TRUE,1.01489806175232,24361
WEE,TRUE,1.00847601890564,18782
PhyInformR,TRUE,1.71010899543762,376778
CSclone,TRUE,0.958881855010986,10498
flock,TRUE,0.971120119094849,4055
jointNmix,TRUE,1.06682109832764,15933
LEANR,TRUE,6.07153391838074,3327047
Planesmuestra,TRUE,1.05121111869812,19127
ptest,TRUE,2.99423217773438,862361
qiitr,TRUE,1.02822995185852,9806
sparkline,TRUE,1.90214610099792,204329
XRSCC,TRUE,1.24915599822998,26282
medfate,TRUE,3.07536196708679,1390266
cthreshER,TRUE,0.970578908920288,7972
exteriorMatch,TRUE,0.980625867843628,7869
RSIP,TRUE,0.965815782546997,5598
HARtools,TRUE,1.58550596237183,323000
horseshoe,TRUE,0.955749988555908,13006
msaFACE,TRUE,1.03827285766602,14229
pirate,TRUE,0.946491003036499,11151
rehh.data,TRUE,6.82050514221191,3371789
wvtool,TRUE,6.82057404518127,3119392
diffrprojectswidget,TRUE,1.63375902175903,175198
regtools,TRUE,2.97768688201904,574180
Rga4gh,TRUE,1.17004704475403,16550
starmie,TRUE,6.26594305038452,3052562
varband,TRUE,1.50134301185608,202490
diffrprojects,TRUE,2.82330012321472,769614
varSel,TRUE,4.53073883056641,1567248
ordcrm,TRUE,1.35866403579712,35887
packagedocs,TRUE,2.93872690200806,1224931
MiRAnorm,TRUE,1.01238107681274,20398
rtext,TRUE,2.4049870967865,742433
stringb,TRUE,2.40744686126709,739354
rRAP,TRUE,0.915035963058472,8771
AdjBQR,TRUE,0.97830605506897,4241
gtheory,TRUE,0.971920967102051,9573
mhtboot,TRUE,1.41354393959045,138767
RDota2,TRUE,1.16892600059509,49920
rgeoapi,TRUE,0.962886095046997,7056
endogenous,TRUE,0.967181921005249,6662
spftir,TRUE,2.34526777267456,645314
triangulation,TRUE,0.980322122573853,5669
MIDN,TRUE,0.975827932357788,4908
spellcheckr,TRUE,2.44925093650818,866423
fizzbuzzR,TRUE,0.975688934326172,1760
countyweather,TRUE,6.51115083694458,3681939
IRATER,TRUE,1.61716198921204,140712
gym,TRUE,1.08739995956421,7714
ABC.RAP,TRUE,8.45747518539429,4769661
corlink,TRUE,1.16433906555176,7798
ggloop,TRUE,2.02663111686707,53635
MullerPlot,TRUE,1.78674006462097,203660
validatejsonr,TRUE,1.81572794914246,127817
PCSinR,TRUE,1.14946699142456,13685
cryst,TRUE,1.99503993988037,85160
TDPanalysis,TRUE,1.18828701972961,10806
GraphFactor,TRUE,0.956459999084473,12654
KnapsackSampling,TRUE,1.04424500465393,15539
fontLiberation,TRUE,6.3701491355896,4527421
RSarules,TRUE,1.0993127822876,3759
types,TRUE,0.922772884368896,3780
dbfaker,TRUE,0.972243785858154,10628
ISR3,TRUE,1.1210629940033,16648
scan,TRUE,1.61555600166321,53879
convertr,TRUE,2.15914702415466,321665
MethodCompare,TRUE,1.50279998779297,45523
exp2flux,TRUE,0.978187084197998,5260
haploReconstruct,TRUE,7.24647402763367,4956669
rgw,TRUE,0.985076904296875,3637
valorate,TRUE,1.36297702789307,25405
ptwikiwords,TRUE,2.97029209136963,752348
sharpeRratio,TRUE,1.12829494476318,9531
tsSelect,TRUE,1.07719397544861,5855
sAIC,TRUE,1.08641982078552,2800
ordDisp,TRUE,1.26301193237305,16590
EBASS,TRUE,1.7686140537262,285431
fixedTimeEvents,TRUE,1.04805707931519,17595
expandFunctions,TRUE,1.01536583900452,24369
sBIC,TRUE,2.43424081802368,959016
