V1,t_sec
gcite,9.03690385818481
EdSurvey,3.53035306930542
fdq,1.0461049079895
RBesT,1.40313982963562
recipes,1.89518904685974
tensorflow,1.42314291000366
BART,1.39313888549805
cleanNLP,4.86048603057861
lvnet,1.30313086509705
pinbasic,5.53655409812927
RcppMsgPack,0.788079023361206
SpaDES.core,1.76917695999146
valr,1.65516519546509
ggeffects,1.43314409255981
wTO,2.57225704193115
ems,1.70917081832886
GENEAclassify,4.35443592071533
jmv,4.74747490882874
reproducible,2.16421604156494
canvasXpress,4.5034511089325
divest,3.63336300849915
FRegSigCom,1.3411340713501
hommel,6.48664903640747
pkggraph,1.39814019203186
POUMM,1.68216896057129
Rdimtools,2.30023002624512
wrapr,3.00329995155334
DescToolsAddIns,2.74527502059937
giphyr,1.66716694831848
GJRM,2.2402241230011
LNIRT,1.96819710731506
mnreadR,1.04810500144958
palm,1.60916090011597
personalized,1.53315305709839
configr,5.36753702163696
dimRed,0.917090892791748
helixvis,3.06630611419678
skpr,2.16221594810486
sys,6.04760503768921
fastLink,2.7482750415802
fingertipsR,2.68026804924011
FSelectorRcpp,1.15811586380005
reqres,1.04310488700867
STARTS,1.37413692474365
AMCTestmakeR,0.787079095840454
nandb,1.09110903739929
Rcrawler,1.93019318580627
reportReg,4.13641405105591
aphid,1.56615591049194
gastempt,1.06210708618164
antiword,1.80518007278442
arsenal,2.15021514892578
dtangle,2.78627896308899
httptest,2.00119996070862
idefix,3.11831188201904
MALDIrppa,0.588057994842529
quickPlot,2.79627895355225
survHE,1.59315919876099
unrtf,1.13311409950256
walker,1.19311904907227
MADPop,0.798079967498779
memapp,4.00940108299255
breathteststan,1.99319911003113
elasticsearchr,1.12111210823059
exampletestr,1.55715489387512
gggenes,2.10420989990234
huxtable,11.3691370487213
worrms,1.46114587783813
mdmb,2.79428005218506
webmockr,1.50615096092224
WVPlots,3.5173511505127
augSIMEX,1.72017192840576
autothresholdr,1.30513095855713
eulerr,1.25712513923645
jmvcore,2.03920388221741
semtree,9.05990600585938
sessioninfo,6.78867888450623
shinyWidgets,1.63516402244568
spant,1.9151918888092
KarsTS,15.1365129947662
sigr,1.35913610458374
egg,2.02520203590393
numform,8.69386911392212
owmr,3.09130907058716
tidyRSS,2.52825307846069
dexter,4.29942989349365
redlistr,4.10641002655029
tesseract,1.29012894630432
VARtests,1.53315305709839
hutils,0.892089128494263
incidence,1.55515503883362
automultinomial,1.56415605545044
flextable,0.616061925888062
gibble,1.89618992805481
mvord,0.798079967498779
RATest,1.26512598991394
restriktor,1.52415299415588
shallot,8.06080603599548
spatstat.utils,1.64516496658325
AMModels,1.58915901184082
cpt,1.38313794136047
filesstrings,2.96029591560364
GDINA,1.38213896751404
greta,1.05410599708557
lemon,0.902090072631836
vennLasso,1.20112013816833
rsparkling,1.05210494995117
strip,1.17911815643311
atus,3.25032496452332
ebimetagenomics,1.80017995834351
spectrolab,2.16521596908569
sugrrants,2.55525612831116
uavRmp,2.87728810310364
vistime,4.87948799133301
ggspatial,9.20992112159729
BayesS5,4.69346904754639
commonsMath,5.36853694915771
drake,3.60236096382141
latexpdf,18.9348928928375
link2GI,4.7144718170166
electoral,1.42614316940308
JuliaCall,2.562255859375
microdemic,5.6095609664917
MODIS,8.13081312179565
PhenotypeSimulator,2.36023592948914
reactR,4.20641994476318
rlang,9.93299293518066
rlas,2.58525800704956
sitree,2.58325886726379
solvebio,2.99629998207092
texPreview,1.86618590354919
CrossVA,1.51015090942383
d3r,2.37823796272278
dodgr,1.43214297294617
mmpf,0.606060981750488
mvLSW,0.831082820892334
NetworkInference,0.579058170318604
rsMove,1.89718890190125
rWind,0.684068918228149
sf,35.9005899429321
taskscheduleR,1.15511512756348
trackdem,0.739073991775513
blogdown,0.99009895324707
DEploid,1.71417188644409
isdparser,1.40914106369019
websearchr,2.30923104286194
xaringan,4.00139999389648
bikedata,11.3751368522644
dLagM,4.40143990516663
dynamichazard,2.02920317649841
FishResp,0.517052173614502
meteoland,1.55615592002869
osmdata,0.639064073562622
bridgesampling,1.32713294029236
cdata,7.18071794509888
RApiDatetime,2.06220602989197
lexicon,1.45414519309998
ciTools,3.86438584327698
poliscidata,2.17321705818176
webTRISr,1.51615190505981
wikitaxa,1.20612096786499
xtensor,1.18611907958984
antaresRead,1.6951699256897
bsplinePsd,1.73517394065857
charlatan,4.03140306472778
evaluator,1.80418014526367
hNMF,2.74927496910095
PowerUpR,1.70017004013062
PWEALL,2.57425808906555
sdpt3r,3.60736107826233
BimodalIndex,1.33413410186768
breathtestcore,1.82718300819397
clickR,3.35433506965637
dataPreparation,6.08760905265808
fergm,3.08030796051025
GenAlgo,1.3731369972229
pinyin,4.31743097305298
pivottabler,1.29612898826599
bcROCsurface,3.29732894897461
bookdownplus,2.90329003334045
grattan,1.39913988113403
queuecomputer,1.71217107772827
cosinor2,1.14711403846741
crminer,1.33113312721252
define,1.77917790412903
dendroTools,0.940093994140625
dslabs,2.8402841091156
readJDX,5.74257397651672
stormwindmodel,1.63916397094727
analytics,5.94759488105774
touch,8.60686111450195
GSED,2.11621117591858
hoardr,1.04510402679443
psychmeta,3.51935219764709
Rnightlights,3.78237795829773
treemapify,0.804080009460449
bamlss,1.36013603210449
mMPA,1.92119312286377
mrfDepth,1.14811396598816
antaresViz,6.60365986824036
BatchGetSymbols,1.34113383293152
FLightR,0.637063980102539
GetLattesData,1.01510095596313
GROAN,1.08710789680481
itunesr,2.02720189094543
partialCI,2.714271068573
Rodam,1.47314715385437
stacomiR,1.32813286781311
tidyselect,2.44724488258362
airGR,1.41514086723328
emdi,1.21212100982666
NetworkChange,1.88718795776367
wooldridge,3.0173020362854
EFAutilities,2.03120303153992
mindr,3.56435608863831
nucim,3.23932385444641
billboarder,2.2722270488739
c212,0.986099004745483
easyreg,1.24212384223938
psda,1.23912405967712
sptemExp,1.58615899085999
pollen,2.34323406219482
ratelimitr,0.822082996368408
rmapzen,0.791079044342041
wallace,6.27062702178955
bazar,1.28912806510925
googledrive,2.65726590156555
pdSpecEst,1.72917294502258
spmoran,1.51415109634399
CMatching,10.4580450057983
comtradr,5.20452094078064
PWFSLSmoke,4.04940509796143
uiucthemes,5.06950712203979
auk,1.40014004707336
Delta,1.00110006332397
partitionComparison,0.70707106590271
rjmcmc,2.47724795341492
soundgen,4.74847507476807
spatstat.data,0.438043117523193
TileManager,2.10621094703674
ClassDiscovery,4.25842595100403
dataMaid,4.25442600250244
mdsOpt,1.90619087219238
odr,8.1098108291626
PeakSegJoint,13.9073910713196
RcmdrPlugin.RiskDemo,1.23312282562256
vein,2.92129182815552
tensorBF,1.91919207572937
WeightedROC,3.65736603736877
carData,1.57915782928467
loon,2.44324493408203
metaplot,2.02120184898376
nanotime,2.72127199172974
nonmemica,1.09411001205444
clustermq,0.891089916229248
fDMA,2.89028882980347
LearnGeom,1.57515811920166
shadow,0.555056095123291
antaresProcessing,0.577056884765625
BETS,1.63016319274902
ecm,4.94949507713318
scalpel,8.05680513381958
textreadr,0.787078857421875
ggridges,2.35623598098755
boxcoxmix,3.45834612846375
seplyr,1.54315400123596
frequencyConnectedness,1.67116713523865
grf,23.8363828659058
parallelDist,13.0413041114807
revengc,3.01930212974548
smapr,2.63826394081116
geex,6.61766195297241
geojsonR,2.07720804214478
jtools,5.70157098770142
sparsepp,1.43114304542542
uGMAR,13.3453350067139
HEMDAG,5.3495352268219
RInno,3.78937792778015
datasauRus,2.85728478431702
gravity,23.8873879909515
phuse,2.1701667825381
rcoreoa,1.40814089775085
ROptSpace,10.783077955246
BayLum,2.60926103591919
CIAAWconsensus,3.03130316734314
dataCompareR,1.85518598556519
replyr,4.64446401596069
hetGP,1.75517606735229
later,1.51515197753906
ReIns,1.17311787605286
gdns,3.16931700706482
mbir,1.15711617469788
aiRthermo,5.01750183105469
graphon,5.83558297157288
hIRT,4.94649386405945
reprex,2.68726897239685
usmap,9.13757419586182
BLPestimatoR,1.30713081359863
spData,2.15921592712402
LabourMarketAreas,1.3711371421814
mize,3.37533712387085
moveVis,4.13902497291565
sgmcmc,3.14428687095642
document,8.1394829750061
EnvCpt,9.41945886611938
HDtest,10.6874430179596
knor,8.52217698097229
nse,3.59612107276917
SimPhe,3.27138090133667
bigstep,13.1164991855621
bomrang,4.20163607597351
geosapi,7.79475879669189
getCRUCLdata,9.79515790939331
ggmosaic,1.92046308517456
grec,9.69323897361755
merDeriv,2.93864703178406
odpc,1.84851980209351
sjlabelled,3.12949395179749
fastnet,2.82173991203308
IncDTW,2.25319600105286
mixKernel,3.1944420337677
PhylogeneticEM,1.87350010871887
prettycode,2.48001480102539
scorecard,3.10351514816284
zoocat,2.49200510978699
BIGL,3.44724011421204
datasets.load,4.60431385040283
ghibli,1.65067791938782
naniar,1.49680209159851
penaltyLearning,2.63888692855835
rly,2.86070895195007
udpipe,3.75099611282349
redR,5.97421717643738
reportROC,1.60871195793152
fitur,3.60111713409424
ggdmc,4.90907001495361
healthcareai,1.59072589874268
fastR2,4.24659991264343
gamesGA,1.28696894645691
iMediate,4.0337700843811
sinew,0.794363975524902
taxonomizr,0.840327024459839
bayesImageS,1.04016709327698
intccr,3.85691213607788
lero.lero,3.63808703422546
OOBCurve,3.80395483970642
PeerPerformance,2.77677702903748
RiskPortfolios,5.22081995010376
covatest,1.61470794677734
fdANOVA,7.03536701202393
cytometree,1.50679302215576
SSLASSO,4.9260561466217
eDMA,3.23341107368469
MCMCvis,1.66366791725159
tidycensus,6.46982002258301
vpc,9.8231360912323
bgsmtr,1.3788959980011
mclustcomp,3.83492922782898
supc,14.5363609790802
startup,1.72361993789673
symDMatrix,2.07034182548523
TeXCheckR,2.18025398254395
tfruns,2.28916692733765
adiv,4.02078104019165
BGData,1.32693815231323
gsynth,5.05295395851135
keras,0.901277780532837
perccalc,4.45043706893921
quickmatch,2.10531401634216
rtrim,5.0599479675293
scclust,8.21842002868652
stepPenal,4.11070895195007
CINNA,1.60271716117859
manet,4.9000768661499
micemd,3.52018213272095
sarima,9.9909999370575
BayesNetBP,8.84192109107971
BioInstaller,2.84671998023987
collapsibleTree,5.48960494995117
Eagle,1.71762490272522
geometa,1.65467500686646
GMSE,7.32013916969299
lidR,1.96242904663086
lmridge,1.73960709571838
rstantools,1.74160599708557
rvinecopulib,2.06634616851807
SSBtools,5.8123459815979
TLMoments,9.03376698493958
quickblock,2.77577805519104
rsolr,4.20463395118713
lagged,2.28417086601257
RLT,4.35051703453064
shinyFeedback,1.17805600166321
censusapi,3.68405079841614
dwapi,4.24060487747192
hrbrthemes,1.12110304832458
IPEC,1.04716205596924
mockery,1.0321729183197
sweep,0.67645788192749
timetk,0.97222113609314
narray,1.78357195854187
AbSim,1.33992695808411
bigstatsr,1.12609815597534
DMMF,1.75059914588928
GPrank,3.03556990623474
haploR,6.7126259803772
optrdd,1.48181295394897
textutils,4.08073282241821
batchtools,1.40087890625
castor,0.713428020477295
datastructures,5.39667987823486
mapedit,1.36990404129028
openEBGM,21.3678920269012
processx,6.78656601905823
BMisc,1.5357711315155
cholera,1.84152507781982
civis,2.69084596633911
distances,0.647481918334961
vetr,3.08652901649475
LMfilteR,12.0573461055756
powerlmm,2.23421096801758
ProliferativeIndex,1.65467596054077
snakecase,5.28876614570618
EL2Surv,3.60711193084717
kirby21.base,2.74380302429199
kirby21.fmri,2.19124603271484
kirby21.t1,4.00978899002075
sequoia,0.969223976135254
subprocess,1.00919198989868
genBaRcode,1.70963096618652
libstableR,2.26518702507019
MCMCprecision,4.31254696846008
jcolors,5.16286611557007
IDmining,2.16926312446594
PRISMAstatement,11.9114639759064
taxa,3.75799202919006
gridsample,0.971222162246704
nsROC,2.68784809112549
roadoi,1.65267705917358
tmaptools,26.5487439632416
coda.base,6.50978803634644
crochet,9.53236818313599
DSAIDE,1.1610701084137
gasfluxes,10.4686179161072
MatrixLDA,0.993204832077026
reticulate,1.33792805671692
rPraat,2.47102212905884
simmer.plot,1.0541558265686
ggformula,12.9436368942261
icesTAF,5.10491299629211
pre,1.57473993301392
TOSTER,7.4570300579071
bayesplot,1.00619411468506
LncFinder,4.29955816268921
colourvision,1.50879192352295
hyper2,13.2423980236053
flifo,0.627498149871826
gcKrig,8.90786814689636
geomerge,1.65267705917358
janitor,2.30315613746643
statip,3.15747213363647
dotCall64,10.7423989772797
reghelper,1.30995106697083
sylly,3.04256415367126
makedummies,3.83692812919617
woeBinning,1.70163702964783
CBCgrps,5.67745518684387
CSeqpat,2.14428305625916
aws.ec2metadata,0.690447092056274
errors,2.17026209831238
GPoM,5.01698303222656
projmanr,11.4428391456604
regplot,2.19124603271484
dbplyr,1.01818490028381
netCoin,2.21722507476807
oddsratio,1.90347599983215
shinyjqui,20.1978290081024
simglm,8.51817989349365
textTinyR,4.63928604125977
anMC,2.93365097045898
safer,1.16906404495239
mapsapi,1.33093404769897
nmaINLA,1.0511589050293
officer,2.52098083496094
textclean,0.861310958862305
WordR,1.75759315490723
ggiraphExtra,5.0399649143219
MSbox,3.93684792518616
survutils,5.37669491767883
BAMBI,2.55495500564575
ggpval,3.06054902076721
wdman,0.867305994033813
BALCONY,1.26398801803589
ggstance,0.977216958999634
lumberjack,0.748399972915649
Seurat,1.92445993423462
spind,2.73281192779541
spm,1.03317308425903
vagalumeR,0.988209009170532
blastula,0.876297950744629
ncar,37.328113079071
NonCompart,1.19304394721985
rwalkr,1.27997612953186
binman,1.27298092842102
CNLTreg,1.0741400718689
CNLTtsa,0.532572984695435
future.batchtools,0.551558971405029
qqplotr,0.619503974914551
rmpw,1.06015110015869
SmoothWin,3.19244384765625
CATkit,1.32294106483459
CodeDepends,1.96442699432373
dgo,0.654475927352905
easyDes,0.977216958999634
glue,0.848320007324219
pinp,6.03217101097107
rmda,10.9382431507111
RTransProb,4.80914998054504
scatterpie,3.98281097412109
BayesianTools,2.65587306022644
beyondWhittle,2.83273196220398
DendroSync,1.86150908470154
GCalignR,1.17605805397034
keyring,3.10351586341858
ordinalForest,9.48540592193604
spacyr,4.2236180305481
WRTDStidal,3.71602487564087
benchr,2.46402788162231
GreedyExperimentalDesign,2.14328384399414
MODIStsp,1.19404411315918
Rlinsolve,6.24799704551697
SpaDES.tools,1.33493113517761
FRK,1.06015086174011
htree,3.12549805641174
incadata,1.13708996772766
Rlda,1.75159692764282
gemlog,0.974220037460327
MAGNAMWAR,0.915267944335938
qGaussian,1.29296493530273
spass,2.55995011329651
desctable,1.00019907951355
polyPK,0.967226028442383
bayesDP,2.78177285194397
cetcolor,2.79776000976562
crul,0.768385171890259
MetaSubtract,0.892285823822021
pdfsearch,0.633492946624756
qicharts2,7.13628602027893
rhoR,0.859311819076538
spelling,0.754395961761475
phylopath,7.32813310623169
ggforce,0.43864893913269
ggraph,0.648480892181396
AcousticNDLCodeR,3.29735994338989
CytobankAPI,0.606513977050781
docxtools,2.11630606651306
ggfittext,2.072340965271
bmixture,0.943244934082031
permDep,3.46322703361511
satscanMapper,5.24380111694336
GADMTools,1.2889678478241
kernelboot,2.0783360004425
visdat,0.802356958389282
DatabionicSwarm,1.5077919960022
GeneralizedUmatrix,5.64495396614075
ggedit,1.58473205566406
glmmTMB,1.7955629825592
processmapR,4.55750298500061
spup,2.58902478218079
disco,1.13109493255615
drtmle,0.96456503868103
neatmaps,1.21075797080994
simule,0.999799966812134
bupaR,1.36672592163086
GenomicMating,5.57188582420349
ImputeRobust,1.75364899635315
biolink,7.60447883605957
crplyr,1.47870516777039
expint,7.0905818939209
learnr,0.788841962814331
mfe,1.63467311859131
multicmp,1.25774788856506
pool,0.819836139678955
SCORPIUS,0.990802049636841
support.BWS2,2.6214759349823
taxlist,6.3377320766449
vegtable,1.45170903205872
cld3,1.75364899635315
dynOmics,29.5840818881989
prioritizr,4.81103801727295
raptr,0.843832015991211
ropercenter,0.994801044464111
SimMultiCorrData,12.5064978599548
colordistance,29.728052854538
CytobankAPIstats,10.5468900203705
dng,29.3871209621429
GBJ,9.6620671749115
ClusterBootstrap,8.45730805397034
fetchR,12.6254751682281
jpmesh,2.49850010871887
padr,9.83303308486938
treeDA,8.42531514167786
unpivotr,2.80343985557556
catcont,2.54149103164673
cellWise,10.1919620037079
multinet,3.1313738822937
phylogram,3.48230314254761
coreCT,4.55108904838562
mosaicCore,2.53549289703369
patternplot,11.7716209888458
RIA,5.03599190711975
splot,2.64047193527222
hexSticker,6.97221899032593
KnowBR,2.92376780509949
subscreen,2.14990186691284
BUCSS,1.79548215866089
fastDummies,14.4866211414337
googleLanguageR,1.41919112205505
LEGIT,0.467864990234375
mlrMBO,2.09279704093933
tidyxl,2.2809419631958
momentuHMM,2.31213402748108
womblR,0.623820066452026
chinese.misc,3.72932410240173
cstab,3.04212307929993
ggimage,7.54062485694885
prodest,1.79748106002808
rdiversity,0.827562093734741
spam64,1.18525791168213
uptasticsearch,4.18559312820435
ahnr,0.765179872512817
asciiSetupReader,0.842157125473022
bayeslm,0.764178991317749
CircularDDM,3.93506503105164
MetaComp,1.52935886383057
fuser,3.40481781959534
walrus,4.82400798797607
AdhereR,2.71861600875854
bsamGP,1.20085406303406
loder,0.53024697303772
MultisiteMediation,2.05860590934753
prophet,7.97729897499084
jpndistrict,1.02930283546448
lingtypology,3.68553709983826
tuckerR.mmgg,0.999112129211426
ROpenDota,0.920133829116821
beginr,2.28194212913513
diceR,2.27994298934937
jwutil,1.68631291389465
leaflet.minicharts,13.0614309310913
manipulateWidget,1.91924715042114
ompr,0.748584032058716
ompr.roi,0.84415602684021
rclimateca,0.484460830688477
StatCharrms,1.13847184181213
teachingApps,1.38799905776978
odbc,4.49250388145447
bivrp,0.592628955841064
briskaR,1.63752794265747
ConR,1.12287592887878
fst,1.51376414299011
LAM,0.843157052993774
mixR,3.46519994735718
RegularizedSCA,6.24119901657104
textshape,1.34321188926697
tigreBrowserWriter,2.41730189323425
wikilake,1.41919016838074
SPAtest,3.35303211212158
alterryx,0.904538869857788
networktools,0.577033996582031
powerCompRisk,2.12298798561096
Tcomp,6.41674900054932
pkr,13.1298129558563
qrcmNP,2.48268389701843
rwc,2.04700994491577
tangram,1.98362803459167
excerptr,2.32572889328003
LocalControl,4.72943520545959
shinymaterial,0.953325033187866
hmi,27.4624791145325
PSTR,4.80741381645203
sitreeE,5.27827787399292
welchADF,2.32572913169861
metaforest,9.23393797874451
redux,1.61033606529236
graphkernels,2.77999782562256
purrrlyr,0.796370029449463
ramcmc,3.53158116340637
RatingScaleReduction,2.51687407493591
RchivalTag,2.18436908721924
rdwd,2.13658404350281
StructFDR,5.91669297218323
DClusterm,5.52680587768555
joineRML,14.9172971248627
qgam,1.51276421546936
RHMS,1.49716806411743
MetaLonDA,1.43478584289551
aws.s3,10.3594110012054
clampSeg,3.50998711585999
DisHet,4.83660411834717
edgarWebR,1.95043802261353
PeakSegOptimal,2.85597586631775
BiDAG,8.85164618492126
DPP,5.43423295021057
lvec,3.45160508155823
neurohcp,2.40470600128174
bssm,4.32495212554932
frailtyEM,3.31124520301819
ukbtools,1.60733604431152
unsystation,3.1542911529541
ALA4R,1.93784093856812
genotypeR,1.20185303688049
ICtest,2.01282000541687
margins,5.13491797447205
microPop,3.44960498809814
philentropy,2.6854248046875
prediction,1.70090889930725
quadprogXT,1.5157630443573
regnet,2.80918908119202
templates,1.38799905776978
ziphsmm,1.79448199272156
AIG,1.57614612579346
easycsv,2.18437004089355
kableExtra,5.30646920204163
tabularaster,1.59274101257324
MAVE,1.15406680107117
HURDAT,7.55622100830078
kutils,1.23404407501221
StepSignalMargiLike,0.936729192733765
CrossValidate,0.966921091079712
GAparsimony,0.670607089996338
ggjoy,1.39199900627136
Modeler,1.32961702346802
randgeo,1.04689908027649
rdist,0.780774116516113
rsurface,0.436674118041992
SIBERG,4.67105317115784
simsurv,0.858752012252808
Umpire,0.719393014907837
ClassComparison,1.12487602233887
datadogr,2.73421096801758
diffusr,0.953325033187866
implyr,1.56354904174805
oompaBase,3.198077917099
Polychrome,1.31002187728882
PreProcess,2.16877412796021
TailRank,10.8594670295715
tukeytrend,1.38899898529053
ChoR,1.82567310333252
datasus,2.02741503715515
rust,3.94566202163696
HTSSIP,1.06049418449402
missRanger,0.904539108276367
PBNPA,1.02930283546448
vortexR,2.99633502960205
base64url,0.827561855316162
ffstream,1.46697592735291
MTA,1.26523494720459
rbi,1.53335785865784
treespace,1.23704290390015
mltools,2.64163899421692
ASIP,1.18825697898865
cld2,5.79192900657654
dartR,1.48257184028625
Knoema,1.70190906524658
MEclustnet,2.56066107749939
openSTARS,10.5057699680328
Select,1.73310017585754
shiny.semantic,2.71461701393127
blandr,1.12387609481812
MVisAGe,3.63675093650818
readtext,1.56054997444153
ROI.plugin.alabama,3.18548083305359
writexl,7.15073680877686
BIEN,1.98262810707092
tidyquant,2.93395400047302
coga,1.55955004692078
DescriptiveStats.OBeu,4.12321090698242
gdpc,1.82867312431335
LeArEst,2.68742489814758
preference,1.48457193374634
CondIndTests,2.95254898071289
dlib,2.35791993141174
gWQS,5.18070507049561
lmvar,10.1098830699921
nardl,2.0897970199585
sensors4plumes,1.9182460308075
imagine,7.60100722312927
optional,1.34121298789978
FactoInvestigate,2.77699899673462
pbdRPC,1.49716782569885
rpms,4.48190808296204
DAC,1.6853141784668
olsrr,9.61882495880127
ProjectionBasedClustering,3.99744701385498
SurvDisc,4.82400798797607
glm.predict,7.46264791488647
jsonld,1.84226894378662
weco,1.62493181228638
AR,1.31102204322815
mrbsizeR,1.74669599533081
PLMIX,8.56792902946472
PLmixed,8.31840014457703
pointblank,1.81007790565491
RAC,1.37340402603149
brt,1.59173989295959
estprod,0.858752012252808
IMIFA,14.0303521156311
Jdmbs,2.63763880729675
nprobust,3.08990907669067
sbart,13.1414089202881
BBMV,8.33199596405029
convexjlr,4.43212199211121
predtoolsTS,1.40359497070312
sqlscore,9.61482691764832
mathpix,14.1319239139557
mrgsolve,4.7118399143219
vdiffr,4.49550414085388
FHDI,1.04689812660217
SpatialFloor,8.15484809875488
edpclient,1.12487506866455
enviGCMS,7.14014101028442
lavaanPlot,8.22982597351074
MiRKAT,3.51198697090149
MittagLeffleR,7.80374884605408
nowcasting,7.56981706619263
survivALL,3.15428996086121
worms,1.45338082313538
EpiCurve,0.592628955841064
MARX,1.06049394607544
VarReg,3.79170608520508
APML0,1.73210000991821
komadown,4.71384000778198
leaflet.esri,4.13580584526062
rpql,1.46697688102722
leaflet.extras,1.40459489822388
s2,1.63852715492249
interflex,1.07908916473389
utilsIPEA,2.58025598526001
wiqid,2.33072900772095
ClusVis,8.43456697463989
denseFLMM,3.43401002883911
mschart,1.82567286491394
esmprep,3.37562704086304
HiCblock,4.26456999778748
HiCglmi,3.63575100898743
stampr,1.62193202972412
bioOED,1.23204398155212
genderBR,1.50016713142395
uncmbb,1.1258749961853
brglm2,2.49840784072876
classiFunc,1.99830198287964
corehunter,1.7634539604187
meltt,7.50574398040771
sglg,2.73173713684082
foghorn,5.46147513389587
yesno,1.09289503097534
fpp2,1.8874180316925
gldrm,6.27259683609009
MultiVarSel,2.80772995948792
survtmle,3.77683615684509
tsensembler,1.43506217002869
bioimagetools,0.623940229415894
di,1.55984997749329
snpReady,0.779925107955933
nmw,2.06000208854675
swmmr,2.81072998046875
AnnotationBustR,23.9208998680115
esvis,0.701932907104492
SentimentAnalysis,1.40786480903625
spc4sts,2.17219090461731
textstem,1.51505398750305
ggconf,1.93621397018433
liureg,11.6912760734558
ReinforcementLearning,1.16988706588745
tint,6.35258913040161
alfred,1.42046284675598
eply,1.46725916862488
RWildbook,1.79582691192627
bsplus,0.795523881912231
kernplus,7.26430201530457
bigKRLS,1.49745607376099
data.world,2.2179868221283
factorMerger,4.79473900794983
fbar,1.40786504745483
ForestTools,9.66047096252441
APfun,12.9265558719635
epidata,2.97931289672852
toxplot,3.76223802566528
UncertainInterval,1.48185706138611
sparseFLMM,1.25088000297546
cvequality,1.67103910446167
errorlocate,2.24718403816223
mstR,4.12300395965576
normalr,1.46625900268555
bindrcpp,1.44006204605103
geofacet,1.87682008743286
phantom,2.60594987869263
SeqKat,1.41946291923523
encode,1.13869094848633
productivity,2.26278305053711
SubTite,5.02771615982056
bairt,1.68563795089722
dfped,1.8572211265564
ssc,3.46686601638794
quotedargs,3.6998438835144
blob,3.07590389251709
interp,1.76363086700439
orthoDr,7.31009697914124
windfarmGA,1.404865026474
DMRnet,4.14060187339783
sfdct,1.92461490631104
DPWeibull,2.23758506774902
GPGame,2.31057810783386
SetTest,2.54455494880676
AdapSamp,1.38926696777344
horserule,5.35728406906128
incR,1.83002400398254
RNRCS,1.37766790390015
descriptr,1.11149287223816
eventdataR,1.76362991333008
rarhsmm,3.85682892799377
gamRR,1.12309217453003
metScanR,7.10331702232361
RNAsmc,6.68215799331665
g2f,1.98400902748108
QuantTools,1.62324285507202
Rgb,2.3573739528656
datetime,1.5764479637146
splithalf,1.91861510276794
survidm,6.53977108001709
wpp2017,1.38826704025269
EthSEQ,4.74394416809082
metaviz,1.88841891288757
MonteCarlo,4.0430109500885
rdlocrand,1.65644097328186
adaptiveGPCA,5.67985320091248
gfmR,1.98100996017456
patentsview,6.66156005859375
assignPOP,0.935909986495972
bindr,2.82332801818848
pacotest,3.46386694908142
xtractomatic,1.23328185081482
aniDom,1.66903901100159
gfer,2.63614702224731
widyr,5.87203502655029
datetimeutils,1.68463802337646
Rcriticor,2.60694909095764
rmonad,1.82902407646179
sim1000G,2.06200194358826
cronR,1.73243284225464
EpiILM,0.983704805374146
wgeesel,1.01390194892883
lime,2.20338797569275
anomalyDetection,1.3912661075592
ACMEeqtl,1.11049294471741
KraljicMatrix,4.24979114532471
origami,2.73373699188232
robets,1.14069008827209
slickR,0.827720165252686
adeba,1.31127405166626
hansard,2.36037302017212
RcmdrPlugin.aRnova,1.81442499160767
tmcn,3.14229798316956
OpenML,1.39326620101929
rpostgisLT,1.09389495849609
ashr,1.68663787841797
DoE.MIParray,1.07729697227478
fauxpas,10.9571461677551
GetITRData,1.42046284675598
ldhmm,3.27868509292603
idmTPreg,2.09219813346863
projector,2.93551707267761
worldmet,1.42046284675598
zenplots,1.15428900718689
fuzzywuzzyR,1.15428900718689
photobiologyLamps,4.85313391685486
rospca,1.76363015174866
nzpullover,1.93521404266357
Rcssplot,1.10749387741089
rpgm,1.12409210205078
stoRy,1.76463007926941
bea.R,2.09219789505005
CPBayes,1.1708881855011
multfisher,1.01390194892883
BEACH,5.30549001693726
lassopv,1.31027412414551
suncalc,3.93282198905945
VeryLargeIntegers,0.779925107955933
CircMLE,3.93482089042664
sNPLS,4.07320809364319
confSAM,2.17019104957581
ratios,1.48385691642761
ggmuller,1.99660801887512
PakPC2017,1.10849404335022
Brundle,7.18030905723572
clust.bin.pair,1.56185007095337
ratesci,3.40347290039062
EMMIXcskew,2.20138788223267
inferr,3.6374499797821
mopa,0.842319011688232
Rilostat,2.21698713302612
revdbayes,1.12309193611145
swCRTdesign,1.09189510345459
tatoo,4.91352796554565
fivethirtyeight,1.48185682296753
tidygraph,4.3051860332489
npcopTest,1.99660801887512
vote,2.83892703056335
adepro,1.16988801956177
OutliersO3,7.33429503440857
PTXQC,1.07629704475403
valuer,1.24787998199463
MBC,1.04509902000427
multiApply,8.33559894561768
quantoptr,2.90332102775574
survivalsvm,5.97722601890564
aVirtualTwins,24.9086039066315
gk,7.16771006584167
pcev,4.7937388420105
ICSOutlier,25.4877488613129
pipeGS,4.19999623298645
SpaDES.addins,4.01181411743164
cifti,8.27620387077332
gifti,16.9287719726562
modmarg,1.84162282943726
opticut,4.09180593490601
denoiSeq,8.98013687133789
nlsr,2.30957794189453
OOR,1.45066094398499
BeSS,4.96632194519043
ggQC,6.9825279712677
RBMRB,3.49906396865845
robustBLME,1.07729601860046
spatstat.local,0.655136823654175
tibbletime,1.10849380493164
atsd,2.87412285804749
ludic,0.906713008880615
phylotate,2.24918389320374
tRophicPosition,5.16550302505493
waver,0.811122179031372
clustRcompaR,0.748728036880493
libsoc,0.982705116271973
zeallot,1.84202313423157
ANOVAreplication,0.61034107208252
bigtcr,1.60864496231079
kokudosuuchi,2.20038795471191
languagelayeR,8.55597710609436
censusr,0.951508045196533
diagis,0.686333894729614
finch,1.07829618453979
gradDescent,2.38956999778748
heims,5.12230706214905
datapasta,1.36006903648376
highlightHTML,5.19930005073547
TCIApathfinder,0.624939918518066
BibPlots,5.97922492027283
Xplortext,0.922311067581177
gLRTH,5.15350413322449
OmicsPLS,1.18748593330383
pals,2.51335906982422
CreditRisk,1.48285698890686
LinkageMapView,7.40668702125549
nofrills,3.17649507522583
rMR,0.967107057571411
tropAlgebra,3.83363103866577
dat,1.33387207984924
equSA,1.51605415344238
abjutils,6.95893096923828
lbreg,1.57544779777527
PSW,5.07051301002502
RNAseqNet,1.29467511177063
rrpack,0.701931953430176
canprot,2.62154793739319
dtree,1.2332808971405
SMMA,3.29528307914734
mau,9.2705090045929
optimus,3.56045699119568
ROI.plugin.lpsolve,5.93042993545532
splashr,2.43336606025696
easySdcTable,14.7827789783478
COMBAT,7.00972604751587
cordillera,2.21598696708679
photobiologyLEDs,2.49975895881653
Emcdf,2.34277486801147
preText,2.34177398681641
PRIMME,15.9702639579773
rSQM,1.10949301719666
tsdf,3.21729111671448
brant,4.68354988098145
IATScore,10.1304252147675
influxdbr,2.06100106239319
MultiRNG,4.19899702072144
RandPro,1.21668291091919
rFSA,4.07220911979675
UnivRNG,0.904713153839111
elevatr,2.18418884277344
Rbgs,1.37466788291931
RGBM,2.66774415969849
univOutl,2.16859197616577
constants,1.8798189163208
csv,1.79482698440552
dynsbm,1.65544080734253
sgee,1.32787299156189
grove,5.01011800765991
fmbasics,1.2956759929657
MatManlyMix,0.764327049255371
fastrtext,5.47607278823853
fmdates,2.87112283706665
ipft,2.46556282043457
SparseDC,1.12309193611145
tidystringdist,0.873515844345093
Biolinv,8.48198485374451
miRNAss,2.84192705154419
naivebayes,2.62354803085327
sofa,7.15511178970337
bhm,1.29567503929138
rxylib,0.858916997909546
widgetframe,6.43258094787598
msde,4.35598087310791
mudfold,1.42567053238551
AmesHousing,1.63784217834473
PKPDmisc,2.07560086250305
stringformattr,11.3969039916992
SyncRNG,3.67064714431763
zonator,8.44578695297241
cleanEHR,3.65204906463623
gofastr,9.71026611328125
BisRNA,6.83814191818237
clustEff,2.2305850982666
GMAC,10.9465479850769
elo,4.85713291168213
libcoin,3.780837059021
corpus,1.5764479637146
inum,5.46347498893738
refset,1.20208406448364
parsemsf,2.34377479553223
Inventorymodel,1.87382006645203
plotrr,1.15428900718689
mazeGen,2.44996380805969
mdw,0.545947790145874
networkGen,5.12030696868896
striprtf,3.79343509674072
xesreadR,3.60525298118591
EAinference,1.20308399200439
harrietr,3.07690382003784
NestedCategBayesImpute,2.03180408477783
adapr,1.07929611206055
goftte,1.18548583984375
passport,4.18539690971375
SASmarkdown,1.70223593711853
MUS,0.891113996505737
Dforest,1.78122901916504
phase1RMD,2.41876697540283
simEd,2.23058605194092
cctools,4.04841113090515
unitizer,1.55064988136292
CorporaCoCo,0.848717927932739
IDCard,1.88941884040833
MHTdiscrete,2.13699388504028
powdist,1.43506193161011
futility,2.36037302017212
KMgene,4.29777598381042
LCF,1.31529712677002
ManifoldOptim,0.936967134475708
epicontacts,1.7793550491333
ICRanks,5.2132670879364
RcppHMM,1.87395215034485
RcppTN,1.91975092887878
AWR.Athena,3.82290196418762
wicket,1.3727650642395
easyAHP,11.2341120243073
xslt,1.99614882469177
gamreg,3.55710983276367
revgeo,1.20116901397705
spiderbar,2.10794591903687
sppmix,2.2317430973053
modest,2.13714599609375
ICCbin,2.30874085426331
dparser,0.998373985290527
StakeholderAnalysis,1.46636199951172
qboxplot,2.13814496994019
rsample,1.24896812438965
ThankYouStars,0.561586141586304
BatchMap,5.10706901550293
anocva,1.67315697669983
PdPDB,1.8749520778656
rGoodData,10.6293280124664
rLDCP,3.60850811004639
rODE,11.2689108848572
geojson,0.686382055282593
epxToR,1.12317109107971
Diderot,1.4361629486084
RcppQuantuccia,0.873578071594238
ArCo,0.764379978179932
lplyr,2.34193992614746
Pstat,0.514786958694458
RJSplot,6.37363696098328
slowraker,1.0793731212616
infraFDTD.assist,0.656183004379272
MBHdesign,0.701982021331787
phylocanvas,5.40746212005615
rsurfer,1.62635803222656
coppeCosenzaR,7.01122093200684
vfcp,3.04792213439941
countyfloods,5.01147198677063
FinAna,1.01397395133972
kaphom,0.639584064483643
meanr,1.92175102233887
routr,3.60750818252563
GerminaR,6.96442103385925
WWR,3.63670706748962
cbar,3.76250314712524
MOEADr,5.71345400810242
MoLE,5.5156581401825
nspmix,4.81267690658569
optimization,1.12317109107971
EfficientMaxEigenpair,2.14014506340027
MHCtools,1.60975885391235
WaveLetLongMemory,3.85410094261169
zFactor,2.6363320350647
debugme,0.857978105545044
docuSignr,0.779979944229126
groupdata2,3.86970114707947
oii,3.66690611839294
ROI.plugin.msbinlp,1.02957391738892
ROI.plugin.optimx,1.65355801582336
liteq,1.23236894607544
EasyMx,1.04617404937744
htm2txt,0.843379020690918
mafs,1.28116703033447
monoreg,3.12292003631592
LZeroSpikeInference,1.28216695785522
geomedb,1.45376300811768
sicegar,2.46673703193665
vennplot,1.85635304450989
GSMX,13.9248428344727
rucrdtw,3.94869899749756
curstatCI,1.84175181388855
icmm,9.10056710243225
iDINGO,4.80867600440979
HybridFS,1.73355603218079
brea,4.52588391304016
colf,1.71695590019226
RcppBlaze,4.3270890712738
Replicate,7.40421104431152
BMhyb,1.37376499176025
D3partitionR,2.03294801712036
editData,3.43791198730469
BaTFLED3D,1.40496397018433
BrownDog,2.29314112663269
DWLasso,1.18557000160217
DataEntry,3.83750200271606
proustr,1.34156489372253
confinterpret,3.08872103691101
additiveDEA,7.70820307731628
TSCS,3.16671895980835
msaR,2.12354493141174
basictabler,20.9768629074097
msu,5.11866807937622
SimTimeVar,2.83912801742554
statsDK,1.63795781135559
apercu,2.23074221611023
CHMM,1.54436016082764
MFKnockoffs,1.34256505966187
ArchaeoPhases,2.20454382896423
breakfast,2.25234317779541
glacierSMBM,1.23636817932129
isnullptr,1.15637016296387
pder,1.20116901397705
pifpaf,1.93635010719299
ecoseries,2.26394200325012
EventStudy,1.37376403808594
importar,2.10594606399536
kfda,4.57068300247192
LFDREmpiricalBayes,1.1543710231781
tinyProject,5.06986999511719
BNPMIXcluster,5.53785800933838
coinmarketcapr,2.30874109268188
d3plus,4.72767901420593
econullnetr,1.95094990730286
prioritylasso,1.63895797729492
parlitools,1.13877105712891
leabRa,1.62235808372498
mosaicModel,2.04354691505432
MRFA,11.9044950008392
OBMbpkg,1.13877081871033
RcmdrPlugin.sutteForecastR,1.65355801582336
regexSelect,6.27103900909424
USCF,1.84075284004211
brazilmaps,4.16509294509888
magicLamp,11.3459091186523
QLearning,1.52876091003418
rstansim,6.97802114486694
softermax,2.013347864151
cptec,6.61823081970215
ensemblepp,1.6721568107605
FDRSeg,2.87032604217529
ROI.plugin.clp,1.52876091003418
binaryGP,1.34156513214111
BMT,1.60775899887085
curvecomp,2.5905339717865
envDocument,4.82127594947815
EQUIVNONINF,0.967175006866455
fusionclust,5.38386201858521
gma,2.32434105873108
IGP,1.35716509819031
kpeaks,5.19966697692871
SiER,1.63895797729492
sure,1.74815487861633
BNSL,11.6523020267487
leafSTAR,1.57856011390686
mcMST,2.87532687187195
tsgui,0.780979871749878
cytominer,0.749781131744385
randnet,4.34068918228149
rbtt,4.21689200401306
SampleSize4ClinicalTrials,5.27666521072388
DES,4.07549595832825
googleComputeEngineR,6.62123012542725
MsdeParEst,1.23436903953552
wildcard,6.9810209274292
AurieLSHGaussian,1.2021689414978
CATTexact,2.92012500762939
gradientPickerD3,2.57693386077881
linemap,4.32409000396729
MFT,1.45276308059692
veccompare,0.812179088592529
CausalImpact,2.04454803466797
causalMGM,1.85635304450989
glassdoor,1.16997003555298
ADPF,4.41668701171875
auto.pca,1.18557000160217
DCD,1.6067590713501
medmod,2.09034585952759
PredPsych,1.18557000160217
unifDAG,7.13801789283752
GauPro,1.35916495323181
nos,1.13977098464966
opendotaR,1.81155395507812
sutteForecastR,1.34356498718262
yuimaGUI,0.983773946762085
MTSYS,7.44600987434387
CARS,28.859659910202
fecR,0.781980037689209
GeoMongo,10.5805289745331
RTaxometrics,5.9590470790863
distrr,8.45798301696777
repurrrsive,5.0884690284729
SMM,2.91712498664856
AWR,5.44526100158691
Bios2cor,1.91975092887878
cprr,9.49355697631836
mapReasy,1.06077313423157
modelwordcloud,1.77935409545898
multilaterals,4.74827885627747
PakPMICS2014Ch,5.27966499328613
PakPMICS2014HH,4.01009702682495
PakPMICS2014HL,0.733180999755859
PakPMICS2014Wm,2.69973087310791
unjoin,1.84175300598145
csabounds,4.95107293128967
FactorsR,1.95295000076294
madrat,1.23536801338196
Ohit,1.45376300811768
TNC,0.795578956604004
UdderQuarterInfectionData,7.90939807891846
FuzzyNumbers.Ext.2,0.813179016113281
graphql,0.719582080841064
RcextTools,0.813179016113281
VDSPCalibration,1.74915504455566
billboard,1.78035402297974
BosonSampling,1.2021701335907
cbanalysis,6.2674400806427
dplyrAssist,4.62848091125488
freqdom.fda,5.06427097320557
re2r,7.78419995307922
RGeode,3.72830414772034
threshr,1.45076203346252
alphavantager,0.998374938964844
doubcens,7.02182006835938
pcdpca,1.40396404266357
ShinyImage,2.07474708557129
AlphaVantageClient,5.22986602783203
BinarybalancedCut,1.10757184028625
afpt,5.41706204414368
cr17,3.71670508384705
DelayedEffect.Design,4.88367486000061
EcoIndR,1.9499499797821
Inflation,1.41956305503845
jaod,5.17906713485718
rDotNet,11.2689108848572
ari,1.09197211265564
cdparcoord,2.21514296531677
npphen,1.16997003555298
wktmo,0.904776811599731
cenGAM,6.93222188949585
deltar,5.16746687889099
seedCCA,4.2928900718689
ebmc,8.30198693275452
FPV,6.05364489555359
LowWAFOMSobol,7.59900498390198
mcompanion,5.33606314659119
MTE,4.07249593734741
nomogramEx,1.40496397018433
PeriodicTable,2.07474589347839
sensitivitymult,7.96179604530334
caffsim,0.935976028442383
ccmm,0.811180114746094
dmutate,1.46636199951172
PSIMEX,4.88567399978638
SpatialEpiApp,1.71695613861084
LowWAFOMNX,1.04617309570312
prcr,1.38836407661438
accSDA,1.57755899429321
Ecohydmod,1.04717302322388
mExplorer,0.564585208892822
multdyn,5.79145193099976
noncomplyR,0.904777050018311
Strategy,6.02544498443604
ActiveDriver,1.71595597267151
genepop,4.46548509597778
kntnr,3.88830089569092
macc,1.77935409545898
ConfigParser,0.718582153320312
esreg,0.6249840259552
R2DGC,4.79407691955566
simpleCache,1.35816502571106
SLICER,2.12454509735107
STARTdesign,11.6337020397186
Wrapped,4.92087388038635
InfoTrad,1.35816502571106
ircor,3.32871508598328
GRCdata,1.7999541759491
happybiRthday,0.982774972915649
ccRemover,1.09197211265564
sasMap,0.733180999755859
CompDist,0.639583110809326
forwards,1.02957391738892
gamCopula,1.06177306175232
AssayCorrector,2.13814496994019
atlantistools,2.12254500389099
IceCast,1.29576706886292
ggquiver,2.90152597427368
GrpString,1.49756217002869
LBSPR,4.71208000183105
PeakSegDP,1.51316094398499
samon,1.85635280609131
SorptionAnalysis,4.58728289604187
CIplot,1.51316094398499
ConfoundedMeta,6.79082608222961
fastJT,6.93022298812866
lmmen,1.81055402755737
tsiR,0.906777143478394
rdpla,1.60875916481018
dataMeta,0.904777050018311
IAbin,0.998373985290527
rasterList,4.47908496856689
rcv,0.889177083969116
valaddin,0.79557991027832
vanddraabe,0.842378854751587
vocaldia,7.88679814338684
GEint,1.73255491256714
IPMRF,6.60663080215454
poker,4.30849003791809
PsyControl,18.7113370895386
kangar00,2.32733988761902
OHPL,4.67027997970581
blink,2.95132493972778
default,1.95395016670227
multiCA,2.5135350227356
permGS,2.76312899589539
statesRcontiguous,2.10694599151611
restfulr,1.8271541595459
ggversa,2.18794393539429
italy,1.82815289497375
equaltestMI,3.52850890159607
GFA,2.13814496994019
metaBMA,7.01132678985596
RcppXPtrUtils,1.59618997573853
soilcarbon,1.98519992828369
SpatialAcc,2.21720004081726
banR,1.46640014648438
cranlike,1.96659994125366
echogram,2.02999997138977
EMAtools,3.01379990577698
ggsignif,2.17139983177185
lmmpar,2.12460017204285
multistate,1.64000010490417
rddensity,2.33999991416931
svenssonm,1.9967999458313
ambhasGW,4.26079988479614
GreedyEPL,1.9967999458313
IrishDirectorates,2.01440000534058
MixtureRegLTIC,2.46679997444153
rtimicropem,3.21560001373291
subgroup.discovery,1.18659996986389
tbl2xts,0.983799934387207
ThermIndex,6.14939999580383
dejaVu,4.07459998130798
DoEstRare,1.63900017738342
fasjem,9.44500017166138
glmnetUtils,4.29199981689453
kpmt,6.80660009384155
structree,7.96099996566772
nonlinearICP,8.33439993858337
fChange,0.951600074768066
rclipboard,3.18339991569519
RkMetrics,4.74340009689331
CDVineCopulaConditional,3.57340002059937
mmtsne,4.11940002441406
lsplsGlm,2.13820004463196
mosaicCalc,8.78679990768433
optiSolve,1.96659994125366
iRF,9.75399994850159
maxTPR,2.07780003547668
unrepx,2.76419997215271
bayeslongitudinal,2.0757999420166
concaveman,2.12159991264343
ggseqlogo,2.62080001831055
MRTSampleSize,1.90320014953613
PowerNormal,4.64880013465881
seqICP,1.32599997520447
sidrar,1.06080007553101
GGEBiplots,8.9760000705719
pcensmix,2.01239991188049
c2c,1.21679997444153
geoGAM,1.77839994430542
dsmodels,1.88759994506836
prisonbrief,1.43519997596741
vcov,6.93540000915527
spNNGP,2.98359990119934
DCA,3.78320002555847
BayesianGLasso,9.36400008201599
FastSF,1.39140009880066
harmonicmeanp,3.47880005836487
ivregEX,0.904799938201904
liquidSVM,2.41799998283386
OBRE,1.84080004692078
scifigure,0.88919997215271
diffpriv,0.88919997215271
social,2.35559988021851
brlrmr,3.91860008239746
Census2016,1.48199987411499
cnbdistr,2.26500010490417
ercv,5.88719987869263
flexsurvcure,1.17199993133545
fragilityindex,5.46399998664856
LCox,2.12260007858276
sergeant,1.84179997444153
gh,2.31180000305176
llogistic,8.64740014076233
senstrat,8.24180006980896
centiserve,1.95099997520447
docker,4.47919988632202
DrImpute,3.12100005149841
randomForestExplainer,4.375
spongecake,2.28359985351562
tetraclasse,1.9871997833252
TSF,1.84479999542236
credsubs,1.5297999382019
geotoolsR,0.920399904251099
interfr,1.88860011100769
noaastormevents,4.96580004692078
facebook.S4,1.65560007095337
interim,1.42159986495972
integIRTy,2.06019997596741
NameNeedle,1.21679997444153
roots,0.842399835586548
AutoDeskR,8.39980006217957
dGAselID,2.18499994277954
FUNLDA,1.63800001144409
netcom,3.9779999256134
oompaData,8.91459989547729
PoloniexR,10.930999994278
SFS,2.76620006561279
decomposedPSF,1.6224000453949
fcm,2.38680005073547
lpdensity,7.52320003509521
mthapower,1.84479999542236
postlightmercury,1.82719993591309
fcuk,1.57559990882874
ggplotgui,4.89840006828308
l1kdeconv,1.35719990730286
mixlink,1.85640001296997
waccR,4.1671998500824
BNPMediation,4.96480011940002
SobolSequence,1.0764000415802
textile,1.70040011405945
Autoplotprotein,4.76200008392334
correlbinom,4.27839994430542
ggChernoff,2.81200003623962
mandelbrot,5.6697998046875
Robocoap,2.92219996452332
assocInd,1.38940000534058
awspack,0.796600103378296
catSurv,3.08019995689392
coxphSGD,4.84500002861023
midas,3.15420007705688
numGen,1.87599992752075
SuperGauss,1.48600006103516
aws.cloudtrail,0.970199823379517
aws.sns,1.21880006790161
aws.sqs,1.31040000915527
cepR,1.09200000762939
SSM,0.88919997215271
wql,4.93460011482239
aurelius,1.35820007324219
ecolottery,3.5764000415802
mnis,2.07580018043518
autoBagging,1.64000010490417
aws.lambda,0.87559986114502
geoSpectral,1.65559983253479
hurdlr,2.85679984092712
kgschart,0.937000036239624
quickregression,1.0764000415802
rsoi,7.08939981460571
aws.iam,1.95300006866455
fence,3.92159986495972
hbdct,1.3445999622345
MicroMacroMultilevel,1.65759992599487
SkyWatchr,1.63800001144409
BiBitR,5.6159999370575
hhh4contacts,4.46160006523132
scpm,0.811199903488159
StratifiedRF,1.41960000991821
BradleyTerryScalable,2.44919991493225
gsloid,6.1483998298645
kazaam,5.3840000629425
My.stepwise,0.779999971389771
pinnacle.data,3.58999991416931
assertable,1.12319993972778
ExpRep,2.35759997367859
ForecastFramework,4.7765998840332
goldi,6.6340000629425
ppcc,1.57760000228882
SFtools,1.26460003852844
sparsio,1.71700000762939
FSTpackage,8.4475998878479
gmediation,3.01180005073547
NCSampling,4.96679997444153
Opportunistic,3.11039996147156
otrimle,2.25040006637573
BayesTwin,1.60780000686646
CRANsearcher,1.89060020446777
intRvals,4.4021999835968
plater,8.65140008926392
pltesim,1.31240010261536
rattle.data,2.16939997673035
twfy,1.93540000915527
net.security,0.967200040817261
tidygenomics,3.28099989891052
DZEXPM,3.29659986495972
MultiSkew,1.04819989204407
BCgee,1.74919986724854
corset,22.618800163269
JumpTest,1.9364001750946
m2r,16.7316000461578
mljar,3.33079981803894
nlsrk,1.29879999160767
SCAT,3.98199987411499
MOQA,0.951599836349487
rMouse,9.10679984092712
rrcov3way,14.460599899292
swapClass,1.65459990501404
ftDK,16.548999786377
anchoredDistr,5.1217999458313
mssqlR,6.31900000572205
POMaSPU,8.8043999671936
rematch2,1.63800001144409
RLeafAngle,2.66759991645813
taxizedb,1.92379999160767
ukbabynames,0.924400091171265
clinPK,8.51700019836426
namedCapture,2.63839983940125
PeakError,1.26360011100769
sfadv,2.05460000038147
forecastSNSTS,4.19280004501343
processmonitR,1.06980013847351
ECFsup,2.99919986724854
secret,5.7467999458313
CityWaterBalance,6.98319983482361
phenopix,8.74699997901917
baseballDBR,6.56200003623962
dataverse,18.7244000434875
GeoRange,3.62319993972778
mccr,3.16980004310608
pleiades,1.15639996528625
zooaRchGUI,4.05999994277954
nscprepr,1.85840010643005
ZIBseq,2.6217999458313
d3Tree,3.83959984779358
argon2,0.469000101089478
patternator,1.7014000415802
SanFranBeachWater,0.625
standardize,0.890200138092041
featurizer,1.03060007095337
orderstats,1.17000007629395
colorpatch,3.96439981460571
soptdmaeA,1.48300004005432
frequencies,2.73099994659424
getmstatistic,2.26300001144409
mixEMM,4.54760003089905
Risk,3.59500002861023
xsp,0.625
gqlr,2.01539993286133
iNOTE,2.90759992599487
BAYESDEF,0.799600124359131
bdlp,4.21599984169006
covfefe,1.40499997138977
gamlssbssn,9.52600002288818
gghalfnorm,1.43619990348816
HDCI,3.51399993896484
iadf,0.937000036239624
piton,1.52980017662048
pwrAB,1.85739994049072
rpst,1.68479990959167
themetagenomics,0.920399904251099
zstdr,6.0783998966217
capn,1.89160013198853
imaginator,7.5770001411438
ck37r,1.02959990501404
eesim,8.46520018577576
glmertree,2.93880009651184
KRMM,2.23379993438721
NB.MClust,1.85739994049072
hypersampleplan,1.01399993896484
logOfGamma,1.06180000305176
webglobe,2.65500020980835
kerasR,1.46840000152588
QPBoot,3.68560004234314
baitmet,7.00839996337891
difconet,3.29460000991821
ElastH,1.43620014190674
ids,2.92019987106323
ImaginR,1.26460003852844
logistic4p,2.45020008087158
pencopulaCond,12.8165998458862
mdpeer,0.748800039291382
DDM,7.33700013160706
dfCompare,1.20120000839233
phrasemachine,1.38840007781982
here,0.748800039291382
SmartSVA,19.5657999515533
didrooRFM,1.43819999694824
polypoly,9.35139989852905
SeerMapper,9.83499979972839
stratvns,3.68460011482239
CharFun,2.40440011024475
stratbr,1.4060001373291
tictactoe,1.3289999961853
apng,8.88139986991882
rdoxygen,1.63899993896484
timelineR,0.670799970626831
TriadSim,1.85739994049072
lans2r,2.42000007629395
wally,1.3737998008728
RHPCBenchmark,1.7960000038147
RNAstructureModuleMiner,8.27099990844727
ROI.models.miplib,0.702000141143799
rpatrec,3.55780005455017
xLLiM,1.15440011024475
Rd2md,1.04620003700256
sotu,1.26460003852844
NPMOD,1.02959990501404
AHMbook,1.6068000793457
CATT,1.68479990959167
checkarg,2.37219977378845
kdevine,3.40179991722107
numKM,1.28020000457764
poisbinom,0.779999971389771
printr,0.748800039291382
GUIgems,1.65359997749329
easyNCDF,1.4663999080658
zeligverse,0.936000108718872
ExcessMass,3.52660012245178
PROscorer,1.15440011024475
rif,4.99300003051758
PairwiseD,1.17000007629395
PROscorerTools,4.66539978981018
slim,1.45179986953735
gomms,1.20120000839233
GEEmediate,1.80960011482239
learnrbook,0.811199903488159
mbgraphic,1.37380003929138
diffMeshGP,5.27380013465881
EpistemicGameTheory,2.13820004463196
fastTextR,1.23340010643005
iGSEA,9.76859998703003
jocre,1.90320014953613
lifelogr,2.93280005455017
shinycssloaders,4.72679996490479
sinib,2.24640011787415
usedist,1.65359997749329
iECAT,2.88899993896484
lhmixr,2.24839997291565
pawls,14.8224000930786
WebGestaltR,1.93639993667603
lindia,1.92079997062683
lsasim,1.82719993591309
outbreaks,1.03060007095337
qrsvm,2.71640014648438
AcuityView,0.920399904251099
plotprotein,0.998399972915649
IndianTaxCalc,1.93739986419678
RPEXE.RPEXT,2.45620012283325
PROreg,2.07980012893677
pwr2,3.2039999961853
cowbell,1.07739996910095
crunchy,0.670799970626831
ContourFunctions,2.53020000457764
DataGraph,3.95379996299744
idar,4.46700000762939
seasonalview,1.29780006408691
kmcudaR,2.18540000915527
m2b,4.70959997177124
qrmix,6.47239995002747
discord,1.09200000762939
dsrTest,2.09039998054504
KSEAapp,6.10060000419617
mut,16.3763999938965
ncdump,2.6061999797821
onehot,5.15499997138977
angstroms,3.43600010871887
EML,6.56100010871887
MHTmult,19.7489998340607
MetaboList,2.01440000534058
pafdR,2.27859997749329
SPADAR,5.13740015029907
ChocoLattes,1.71700000762939
dataseries,3.45059990882874
mockr,4.68399977684021
casebase,1.26460003852844
gsrsb,1.63899993896484
WikidataQueryServiceR,0.639600038528442
aSPC,2.76219987869263
mstherm,1.2480001449585
bulletr,2.74860000610352
coxphMIC,7.353600025177
md.log,1.01600003242493
censCov,2.34099984169006
RandMeta,4.12140011787415
zip,5.57420015335083
ajv,2.71640014648438
BarBorGradient,1.62239980697632
ider,1.59219980239868
nonpar,2.23280000686646
ring,7.94939994812012
selectapref,9.66439986228943
startR,8.07220005989075
chemmodlab,2.71640014648438
CrossScreening,8.91460013389587
KENDL,1.8574001789093
RpeakChrom,1.49860000610352
SADISA,13.5246000289917
simMP,1.18559980392456
statGraph,0.733200073242188
unix,4.07859992980957
PortfolioOptim,5.7966001033783
PCADSC,2.25139999389648
yarrr,1.92179989814758
icosa,0.672799825668335
TSGSIS,7.07280015945435
uqr,1.64299988746643
WLreg,16.6103999614716
mro,1.12320017814636
complexity,1.79400014877319
bayesCL,4.16919994354248
SeerMapper2010East,3.93519997596741
SeerMapper2010West,2.29419994354248
StatPerMeCo,3.46720004081726
thankr,4.80879998207092
fpest,3.91960000991821
nopaco,1.85640001296997
R2ucare,0.935999870300293
SeerMapper2010Regs,3.21460008621216
spec,3.63680005073547
Tnseq,2.2474000453949
tubern,7.49399995803833
wrangle,2.8899998664856
marcher,1.21979999542236
optrcdmaeAT,2.3283998966217
SeerMapperEast,2.2474000453949
SeerMapperWest,2.27859997749329
fastqcr,2.90460014343262
GADAG,2.28060007095337
GLIDE,1.73559999465942
D3GB,3.81540012359619
lspline,6.94799995422363
SeerMapperRegs,3.98199987411499
mRchmadness,1.96759986877441
skeletor,1.46840000152588
duckduckr,1.92079997062683
IMTest,1.54540014266968
MedDietCalc,1.07739996910095
micEconIndex,2.13919997215271
secure,2.02900004386902
sylcount,1.92079997062683
classifierplots,2.08179998397827
CoFRA,1.78439998626709
eshrink,1.06680011749268
zfa,5.00100016593933
HYRISK,1.06080007553101
TSMN,0.764400005340576
afmToolkit,0.764400005340576
groupsubsetselection,1.46840000152588
nlshelper,1.12520003318787
vesselr,1.12520003318787
xbreed,3.10739994049072
xyz,1.06080007553101
enrichR,2.88800001144409
medicare,1.60879993438721
grapes,1.93639993667603
InterfaceqPCR,0.702000141143799
SARP.moodle,4.87220001220703
tensorr,4.56019997596741
aptg,6.74620008468628
focusedMDS,12.30379986763
kscons,1.9520001411438
optim.functions,1.70239996910095
BLModel,4.4811999797821
fam2r,2.1703999042511
metavcov,1.21779990196228
moezipfR,3.51399993896484
patternize,10.5409998893738
tilegramsR,5.87059998512268
tsqn,3.2487998008728
itan,3.60660004615784
shinyHeatmaply,1.59120011329651
NetworkRiskMeasures,0.967200040817261
slimrec,3.46720004081726
TeachBayes,3.16880011558533
vortexRdata,0.999399900436401
docstring,1.71600008010864
IPWsurvival,0.935999870300293
PCFAM,2.15279984474182
affluenceIndex,3.97899985313416
summariser,1.49760007858276
tsxtreme,1.29480004310608
CVR,1.5453999042511
pathmapping,2.2474000453949
xlsimple,2.01340007781982
FMC,1.2480001449585
gpg,2.15680003166199
orgutils,2.00279998779297
rnaturalearth,3.4721999168396
rolr,1.45679998397827
stmgp,5.12279987335205
EstimateGroupNetwork,3.34039998054504
Rvoterdistance,1.76380014419556
shinyShortcut,1.56099987030029
OSCV,4.66839981079102
BASS,0.906800031661987
BCSub,1.99779987335205
CNull,1.85739994049072
FlexDir,1.49860000610352
RankingProject,14.082200050354
rolypoly,1.26460003852844
gee4,6.49360013008118
gatepoints,1.56100010871887
outreg,4.96379995346069
collpcm,1.42159986495972
radmixture,0.920400142669678
cmpprocess,0.873600006103516
iNextPD,6.05680012702942
rdataretriever,9.08920001983643
HoRM,4.84099984169006
SigOptR,2.54780006408691
CONS,3.21659994125366
iSDM,1.51620006561279
SymTS,1.91880011558533
VertexSort,5.55460000038147
badger,2.83920001983643
BCellMA,1.57559990882874
NHLData,2.68420004844666
readOffice,1.43620014190674
cpr,1.35819983482361
otinference,1.13879990577698
remindR,10.1138000488281
edarf,1.38840007781982
funchir,4.29399991035461
gt4ireval,8.53719997406006
MLID,1.49959993362427
twilio,1.71799993515015
VarED,4.24320006370544
CPsurv,3.79080009460449
SubgrpID,2.01240015029907
CensSpatial,1.04520010948181
cghRA,1.57560014724731
Dpit,23.7964000701904
cropdatape,1.42260003089905
fitplc,2.16079998016357
gaiah,8.54519987106323
WPKDE,8.96440005302429
DiffNet,6.52680015563965
rcc,6.95860004425049
dirmcmc,2.66759991645813
extdplyr,0.936000108718872
fontHind,2.46480011940002
fontMPlus,2.84020018577576
gbts,2.79340004920959
leafletCN,2.29420018196106
misreport,3.79480004310608
automagic,7.74760007858276
AWR.Kinesis,6.24699997901917
betacal,4.51339983940125
ccafs,1.71700000762939
europop,2.39079999923706
som.nn,1.29780006408691
TAR,1.63899993896484
EnviroPRA,5.15400004386902
InvasionCorrection,4.88879990577698
naptime,4.68599987030029
neighbr,4.79520010948181
prefeR,5.97880005836487
robustarima,1.4663999080658
BayesSpec,0.88919997215271
BCC1997,13.7546000480652
bsearchtools,1.35820007324219
DecorateR,10.649199962616
lclGWAS,7.96499991416931
mle.tools,2.18599987030029
rnaturalearthdata,0.967200040817261
stdvectors,4.23059988021851
AWR.KMS,1.35820007324219
BayesFM,1.06079983711243
colorr,2.93580007553101
fileplyr,5.88619995117188
gMOIP,2.92019987106323
GSparO,2.68519997596741
upmfit,1.88859987258911
educineq,2.20059990882874
keyringr,5.02820014953613
marinespeed,1.09200000762939
opusminer,1.38940000534058
rope,1.35820007324219
spdownscale,1.38940000534058
ubeR,8.89800000190735
condir,1.45280003547668
velociraptr,2.28159999847412
warpMix,7.42860007286072
dgodata,0.797600030899048
eefAnalytics,0.514800071716309
paperplanes,0.920400142669678
rapiclient,0.702000141143799
HRQoL,0.59279990196228
maxnet,19.1707999706268
optbdmaeAT,4.1838002204895
BayesCombo,1.1554000377655
FuzzyStatTra,2.49799990653992
OCA,1.98319983482361
GPB,2.29419994354248
cbird,8.67960000038147
mdftracks,3.29560017585754
QuantileGradeR,2.21819996833801
samplingDataCRT,0.749799966812134
SMLoutliers,0.904800176620483
mbrglm,1.52880001068115
flippant,0.59279990196228
superheat,1.18760013580322
moveWindSpeed,2.76519989967346
mpe,2.77880001068115
readHAC,1.18760013580322
SignifReg,7.45219993591309
EnsCat,2.74959993362427
ShinyTester,6.96860003471375
sonify,3.23920011520386
ssmsn,2.20159983634949
iBST,2.41899991035461
flood,1.98219990730286
inspectr,2.30879998207092
observer,1.55999994277954
poio,0.967200040817261
alphabetr,0.639600038528442
gbp,4.68099999427795
hurricaneexposure,0.936000108718872
tracer,5.76139998435974
LumReader,1.90320014953613
sparsestep,1.10759997367859
BayesPieceHazSelect,1.81060004234314
eclust,11.0139999389648
nparsurv,8.06159996986389
mutSignatures,1.37579989433289
NORMA,1.26559996604919
powerEQTL,1.39039993286133
rKIN,2.56240010261536
simpleSetup,1.65560007095337
chi2x3way,1.79499983787537
skm,34.6348969936371
ICV,1.42259979248047
intrval,1.06180000305176
kpcalg,1.8730001449585
mglR,12.6011998653412
SOFIA,1.28119993209839
tea,2.28359985351562
teda,1.23639988899231
rcure,1.53079986572266
testforDEP,0.967200040817261
bytescircle,2.69879984855652
caesar,6.36980009078979
cleanr,1.99880003929138
conditions,1.74919986724854
bayesianETAS,6.39702081680298
rCAT,3.29160499572754
cumstats,0.920399904251099
maxmatching,1.04520297050476
PoSI,1.74721097946167
InfiniumPurify,3.34942293167114
rwars,1.84381198883057
GeneClusterNet,5.87763905525208
SADEG,1.69281101226807
sparkwarc,0.967206001281738
EBrank,9.75606417655945
rld,1.27920794487
zTree,3.85622501373291
esmisc,13.6766889095306
NetWeaver,3.82502508163452
QRank,3.68562412261963
BoolFilter,1.65561103820801
esaddle,3.20102095603943
rjsonapi,5.82383799552917
sysid,1.52980995178223
BivRegBLS,3.90402507781982
fabCI,4.8878321647644
ltxsparklines,3.46822285652161
Plasmidprofiler,3.83962488174438
semver,1.1398069858551
crisp,2.65301704406738
FixSeqMTP,1.63901114463806
requireR,1.42060899734497
dSVA,1.43720889091492
HeritSeq,2.35761618614197
minimalRSD,1.18760800361633
Partiallyoverlapping,0.827805042266846
pwt9,3.67002415657043
Redmonder,1.0608069896698
tsdecomp,2.04761409759521
TSeriesMMA,0.563603162765503
colr,1.03160715103149
FTRLProximal,1.6692099571228
natserv,1.1076078414917
awsjavasdk,2.23381400108337
censys,5.01363301277161
hds,7.46384787559509
bossMaps,1.59420990943909
attrCUSUM,1.92181301116943
acrt,1.70341110229492
bayesloglin,1.90421199798584
DStree,5.13543295860291
KTensorGraphs,1.82521200180054
restrictedMVN,7.54485011100769
rFTRLProximal,6.17203998565674
spark.sas7bdat,1.82721209526062
UStatBookABSC,15.0700979232788
DISTRIB,1.20220804214478
factorcpt,2.30881500244141
utf8latex,10.3654668331146
findviews,3.98102593421936
ggguitar,1.65561079978943
ROI.models.netlib,4.82443118095398
ztype,5.21343398094177
crosstalk,2.79441809654236
pgee.mixed,1.1398069858551
rocNIT,6.09303903579712
SpaTimeClus,1.17200803756714
aws.ses,3.12702012062073
SPPcomb,1.67321085929871
stmgui,2.1734139919281
pipeliner,0.705005168914795
DirectStandardisation,0.686404943466187
magicfor,0.484602928161621
MTDrh,1.31240797042847
MWRidge,4.24722790718079
PepSAVIms,0.672804117202759
FinancialMath,0.798606157302856
coprimary,5.35483503341675
BTYDplus,1.48200988769531
bpp,6.65264391899109
MODISSnow,7.27764701843262
poptrend,3.62422394752502
ampd,10.7458710670471
DNLC,6.62144303321838
errorizer,4.23262691497803
rtrends,4.66943097114563
CuCubes,1.60981106758118
GLMaSPU,4.21702694892883
magree,2.82761788368225
rrr,2.99921894073486
aws.polly,4.76403117179871
gofMC,4.2950279712677
Radviz,2.0944139957428
DCM,10.3246669769287
icesVocab,2.02801299095154
rccmisc,3.49742317199707
robustsae,1.68581080436707
AmmoniaConcentration,8.46825504302979
bannerCommenter,0.937005996704102
bridger2,6.45284199714661
easypackages,0.562602996826172
melviewr,1.40500903129578
MultiBD,1.86141300201416
optigrab,5.62203598022461
PANDA,1.18560791015625
rt3,0.68640398979187
tswge,0.592803955078125
phuassess,1.21680808067322
SISIR,1.06180691719055
rhnerm,5.51383590698242
ClimDown,7.21624708175659
vkR,13.2322871685028
deconvolveR,8.62325596809387
freqdist,2.57601714134216
gbs2ploidy,4.2522280216217
rxSeq,6.9998459815979
camsRad,2.79841804504395
eMLEloglin,3.91962599754333
effectFusion,0.890205860137939
listdtr,3.81142497062683
Przewodnik,3.17082095146179
testassay,4.24922800064087
tsdisagg2,1.51420903205872
GeomComb,3.53062295913696
notifyme,1.92281198501587
aslib,5.5294361114502
dynetNLAResistance,1.63901114463806
rIsing,4.18482708930969
rlo,2.76421809196472
survAWKMT2,3.59202313423157
quarrint,2.20261406898499
RDStreeboot,2.84221792221069
epistasis,2.26401495933533
SpaCCr,1.40600895881653
strat,1.9978129863739
mbclusterwise,0.733205080032349
ockc,1.01400709152222
Rdtq,2.23081398010254
pstest,1.09200692176819
relabeLoadings,2.1216139793396
ADCT,3.60462307929993
climbeR,8.288654088974
DGCA,1.03060698509216
gwfa,2.31081509590149
NegBinBetaBinreg,9.00825881958008
tinsel,1.85841202735901
apdesign,23.1841509342194
colormap,1.74821090698242
WEE,2.35761594772339
PhyInformR,1.29580807685852
CSclone,2.21721410751343
flock,3.30922079086304
jointNmix,1.42060899734497
LEANR,0.904805898666382
Planesmuestra,2.17141509056091
ptest,1.49961018562317
qiitr,1.31140899658203
sparkline,1.32600784301758
XRSCC,1.57661008834839
medfate,11.7568759918213
cthreshER,2.326416015625
exteriorMatch,6.54344296455383
RSIP,9.27245998382568
HARtools,4.07262682914734
horseshoe,1.79401206970215
msaFACE,5.55763602256775
pirate,7.14984583854675
rehh.data,1.82521200180054
wvtool,1.32700896263123
diffrprojectswidget,1.09300804138184
regtools,1.78241205215454
Rga4gh,3.99662613868713
starmie,1.37280917167664
varband,2.27761507034302
diffrprojects,4.59242987632751
varSel,2.4210159778595
ordcrm,3.92162609100342
packagedocs,3.15622091293335
MiRAnorm,1.18560695648193
rtext,5.58783578872681
stringb,1.76281094551086
rRAP,40.4020619392395
AdjBQR,1.34160804748535
gtheory,1.65561008453369
mhtboot,5.77303695678711
RDota2,1.91981196403503
rgeoapi,1.2168071269989
endogenous,26.2709698677063
spftir,3.27702116966248
triangulation,1.34260892868042
MIDN,0.889206171035767
spellcheckr,10.0202639102936
fizzbuzzR,4.63523006439209
countyweather,4.04342603683472
IRATER,2.07481408119202
gym,2.5272159576416
ABC.RAP,13.8044898509979
corlink,2.14421415328979
ggloop,2.71741700172424
MullerPlot,1.56201004981995
validatejsonr,1.03060603141785
PCSinR,4.10782718658447
cryst,13.055685043335
TDPanalysis,2.43761587142944
GraphFactor,7.979651927948
KnapsackSampling,1.1554069519043
fontLiberation,3.60862398147583
RSarules,1.25000810623169
types,1.04720687866211
dbfaker,2.0748131275177
ISR3,2.70081686973572
scan,2.62281703948975
convertr,0.795604944229126
MethodCompare,6.22844099998474
exp2flux,0.889204978942871
haploReconstruct,2.85681796073914
rgw,1.60781097412109
valorate,4.48022890090942
ptwikiwords,1.01500606536865
sharpeRratio,2.05921292304993
tsSelect,1.91981196403503
sAIC,2.98462009429932
ordDisp,1.65461111068726
EBASS,1.85841202735901
fixedTimeEvents,4.85566091537476
expandFunctions,3.47985100746155
sBIC,3.48185205459595
